230120,41700
230121,56900
230124,73600
230130,85600
230201,88000
230213,105000
230301,114000
230318,121000
230321,124000
230322,125000
230327,126000
230401,128000
230403,128000
230411,132000
230417,135000
230424,137000
230501,139000
230512,142000
230515,142000
230522,143000
230601,144000
230605,144000
230613,144000
230629,148000
230701,149000
230703,150000
230710,153000
230714,154000
230724,157000
230731,158000
230801,158000
230828,167000
230901,169000
231001,176000
231101,179000
231113,181000
231120,183000
231201,193000
240101,205000
240528,243000
240529,243000
240530,244000
240531,244000
240601,244000
240602,244000
240603,245000
240604,245000
240605,245000
240606,246000
240607,246000
240608,246000
240609,246000
240610,247000
240611,247000
240612,247000
240613,247000
240614,247000
240615,248000
240616,248000
240617,249000
240618,249000
240619,250000
240620,250000
240621,251000
240622,251000
240623,252000
240624,252000
240625,253000
240626,254000
240627,254000
240628,255000
240629,255000
240630,256000
240701,256000
240702,257000
240703,258000
240704,258000
240705,259000
240706,259000
240707,259000
240708,260000
240709,260000
240710,260000
240711,261000
240712,261000
240713,261000
240714,262000
240715,262000
240716,262000
240717,263000
240718,263000
240719,263000
240720,263000
240721,264000
240722,264000
240723,264000
240724,265000
240725,265000
240726,265000
240727,265000
240728,265000
240729,266000
240730,266000
240731,266000
240801,266000
240802,266000
240803,266000
240804,266000
240805,267000
240806,267000
240807,267000
240808,267000
240809,267000
240810,267000
240811,268000
240812,268000
240813,268000
240814,268000
240815,268000
240816,268000
240817,269000
240818,269000
240819,269000
240820,269000
240821,270000
240822,270000
240823,270000
240824,270000
240825,271000
240826,271000
240827,271000
240828,271000
240829,271000
240830,271000
240831,272000
240901,272000
240902,272000
240903,273000
240904,273000
240905,273000
240906,273000
240907,273000
240908,274000
240909,274000
240910,274000
240911,274000
240912,274000
240913,274000
240914,275000
240915,275000
240916,275000
240917,275000
240918,275000
240919,275000
240920,275000
240921,276000
240922,276000
240923,276000
240924,276000
240925,276000
240926,276000
240927,276000
240928,276000
240929,277000
240930,277000
241001,277000
241002,277000
241003,277000
241004,277000
241005,277000
241006,278000
241007,278000
241008,278000
241009,278000
241010,278000
241011,279000
241012,279000
241013,279000
241014,279000
241015,280000
241016,280000
241017,280000
241018,280000
241019,281000
241020,281000
241021,283000
241022,283000
241023,284000
241024,284000
241025,285000
241026,285000
241027,286000
241028,286000
241029,286000
241030,287000
241031,287000
241101,287000
241102,287000
241103,287000
241104,288000
241105,288000
241106,288000
241107,288000
241108,289000
241109,289000
241110,289000
241111,289000
241112,289000
241113,289000
241114,290000
241115,290000
241116,290000
241117,290000
241118,290000
241119,290000
241120,290000
241121,290000
241122,291000
241123,291000
241124,291000
241125,291000
241126,291000
241127,291000
241128,292000
241129,292000
241130,292000
241201,293000
241202,293000
241203,293000
241204,293000
241205,294000
241206,294000
241207,294000
241208,294000
241209,294000
241210,295000
241211,296000
241212,296000
241213,297000
241214,297000
241215,298000
241216,298000
241217,299000
241218,299000
241219,300000
241220,300000
241221,301000
241222,301000
241223,301000
241224,301000
241225,301000
241226,302000
241227,302000
241228,302000
241229,302000
241230,302000
241231,303000
250101,303000
250102,303000
250103,304000
250104,304000
250105,304000
250106,304000
250107,304000
250108,304000
250109,305000
250110,305000
250111,305000
250112,305000
250113,305000
250114,305000
250115,305000
250116,306000
250117,306000
250118,306000
250119,306000
250120,307000
250121,307000
250122,308000
250123,308000
250124,308000
250125,309000
250126,309000
250127,309000
250128,309000
250129,309000
250130,310000
250131,310000
250201,310000
250202,310000
250203,310000
250204,310000
250205,311000
250206,311000
250207,311000
250208,311000
250209,311000
250210,312000
250211,312000
250212,312000
250213,312000
250214,312000
250215,313000
250216,313000
250217,313000
250218,314000
250219,314000
250220,315000
250221,315000
250222,315000
250223,315000
250224,316000
250225,316000
250226,317000
250227,317000
250228,317000
250301,318000
250302,318000
250303,318000
250304,319000
250305,320000
250306,320000
250307,321000
250308,321000
250309,321000
250310,323000
250311,323000
250312,323000
250313,324000
250314,324000
250315,325000
250316,325000
250317,326000
250318,327000
250319,327000
250320,328000
250321,328000
250322,328000
250323,329000
250324,329000
250325,329000
250326,329000
250327,330000
250328,330000
250329,330000
250330,330000
250331,331000
250401,331000
250402,331000
250403,331000
250404,331000
250405,332000
250406,332000
250407,332000
250408,332000
250409,333000
250410,333000
250411,333000
250412,333000
250413,334000
250414,334000
250415,334000
250416,334000
250417,334000
250418,334000
250419,334000
250420,334000
250421,335000
250422,335000
250423,335000
250424,335000
250425,335000
250426,335000
250427,335000
250428,335000
250429,336000
250430,336000
250502,336000
250503,337000
250504,337000
250505,337000
250506,337000
250507,338000
250508,338000
250509,338000
250510,338000
250511,338000
250512,339000
250513,339000
250514,339000
250515,339000
250516,340000
250517,340000
250518,340000
250519,341000
250520,341000
250521,341000
250522,342000
250523,342000
250524,342000
250525,343000
250602,345000
250603,346000
250605,346000
250606,346000
250607,346000
250610,347000
250611,347000
250612,347000
250613,347000
250614,348000
250615,348000
250616,348000
250617,348000
250618,348000
250619,349000
250620,349000
250621,349000
250622,349000
250623,349000
250624,350000
250627,350000
250628,350000
250629,351000
250630,351000
250701,351000
250702,352000
250703,352000
250704,352000
250705,352000
250706,352000
250707,353000
250708,353000
250709,353000
250720,354000
250721,354000
250722,355000
250723,355000
250724,355000
250725,355000
250726,355000
250727,355000
250728,355000
250729,356000
250730,356000
250731,356000
250801,356000
250802,356000
250803,357000
250804,357000
250805,357000
250806,357000
250807,357000
250808,357000
250809,357000
250810,358000
250811,358000
250812,358000
250813,358000
250814,358000
250815,358000
250816,358000
250817,359000
250818,359000
250819,359000
250820,359000
250821,359000
250822,359000
250823,359000
250824,359000
250825,360000
250826,360000
250827,360000
250828,360000
250829,360000
250830,360000
250831,360000
250901,361000
250902,361000
250903,361000
250904,361000
250905,361000
250906,361000
250907,361000
250908,362000
250909,362000
250910,362000
250911,362000
250912,362000
250913,363000
250914,363000
250915,363000
250916,363000
250917,363000
250918,363000
250919,364000
250920,364000
250921,364000
250922,364000
250923,365000
250924,365000
250925,365000
250926,365000
250927,365000
250928,366000
250929,366000
250930,366000
251001,366000
251004,366000
251005,366000
251006,366000
251007,366000
251008,367000
251009,367000
251010,367000
251011,367000
251013,368000
251014,368000
251015,368000
251016,368000
251017,368000
251018,368000
251019,368000
251020,368000
251021,368000
251022,368000
251023,368000
251024,368000
251025,368000
251026,369000
251027,369000
251028,369000
251029,369000
251030,369000
251031,369000
251101,369000
251102,369000
251103,369000
251104,369000
251105,369000
251106,369000
251107,369000
251108,369000
251109,370000
251110,370000
251111,370000
251112,370000
251113,370000
251114,370000
251115,370000
251116,370000
251117,370000
251118,371000
251119,371000
251120,371000
251121,371000
251122,371000
251123,371000
251124,371000
251125,372000
251126,372000
251127,372000
251128,372000
251129,372000
251130,372000
251201,372000
251202,372000
251203,372000
251204,373000
251205,373000
251206,373000
251207,373000
251208,373000
251209,373000
251210,373000
251211,373000
251212,373000
251213,373000
251214,373000
251217,374000
251218,374000
251219,374000
251220,374000
251221,374000
251222,374000
251223,375000
251224,375000
251225,375000
251226,375000
251227,375000
251228,376000
251229,376000
251230,376000
251231,376000
260101,376000
260104,377000
260105,377000
260106,377000
260107,377000
260108,378000
260109,378000
260110,378000
260111,378000
260112,378000
260113,378000
260114,378000
260115,378000
260116,378000
260117,379000
260118,379000
260119,379000
260120,379000
260121,379000
260124,379000
260125,380000
260126,380000
260127,380000
260128,380000
260129,380000
260130,380000
260131,380000
260201,380000
260204,380000
260205,381000
260206,381000
260207,381000
260208,381000
260209,381000
260210,381000
260211,381000
260212,381000
260213,381000
260214,381000
260215,382000
260216,382000
260217,382000
260218,382000
260219,382000
260220,382000
260221,382000
260222,382000
260223,383000
260224,383000
260225,383000
260226,383000
260227,383000
260228,383000
260301,383000
260302,383000
260303,383000
260304,383000
260305,383000
260306,383000
260307,383000
260308,384000
260309,384000
260310,384000
260311,384000
260312,384000
260313,384000
260316,385000
260317,385000
260318,385000
260319,385000
260320,385000
260321,385000
260322,386000
260323,386000
260324,386000
260325,386000
260328,386000
260329,386000
260330,386000
260331,386000
260401,387000
260402,387000
260403,387000
260404,387000
260405,387000
260406,387000
260407,387000
260408,387000
260409,387000
260410,387000
260411,387000
260412,388000
260413,388000
260414,388000
260415,388000
260416,388000
260417,388000
260418,388000
260419,388000
260420,388000
260421,388000
260422,389000
260423,389000
260424,389000
260425,389000
260426,389000
260427,389000
260428,389000
260429,389000
260430,389000
260501,390000
260502,390000
260503,390000
260504,390000
260505,390000
260506,390000
260507,390000
260508,391000
260511,391000
260512,392000
260515,392000
260516,392000
260517,392000
260518,392000
260519,392000
260520,392000
260521,392000
260522,392000
260523,392000
260524,392000
260525,392000
260526,392000
260527,392000
260528,392000
260531,393000
260601,393000
260602,393000
260603,393000
260604,393000
260605,393000
260606,393000
260607,393000
260608,393000
260609,394000
260610,394000
260611,394000
260612,394000
260613,394000
260614,394000
260615,394000
260616,394000
260617,394000
260618,394000
260619,394000
260620,394000
260621,394000
260622,394000
260623,395000
260624,395000
260625,395000
260626,395000
260627,395000
260628,395000
260629,395000
260630,395000
260701,395000
260702,395000
260703,395000
260704,395000
260705,395000
260706,395000
260707,395000
260708,395000
260709,396000
260710,396000
260711,396000
260712,396000
260713,396000
260714,396000
260715,396000
260716,396000
260717,396000
260718,397000
260719,397000
260720,397000
260721,397000
260722,398000
260723,398000
260724,398000
260725,398000
260726,398000
260727,398000
260728,398000
260729,398000
260730,399000
260731,399000
260801,399000
260802,399000
260803,399000
260804,399000
260805,399000
260806,400000
260807,400000
260808,400000
260809,400000
260810,400000
260811,401000
260812,401000
260813,401000
260814,401000
260815,401000
260816,402000
260817,402000
260818,402000
260819,402000
260820,402000
260821,402000
260822,402000
260823,402000
260824,403000
260825,403000
260826,403000
260827,403000
260828,403000
260829,403000
260830,403000
260831,403000
260901,403000
260902,403000
260903,404000
260904,404000
260905,404000
260906,404000
260907,404000
260908,404000
260909,404000
260910,404000
260911,404000
260912,404000
260913,404000
260914,404000
260915,404000
260916,404000
260917,404000
260918,404000
260919,404000
260920,404000
