231201,58600
240101,66300
240528,82100
240529,82300
240530,82400
240531,82600
240601,82700
240602,82700
240603,82800
240604,82900
240605,83000
240606,83000
240607,83100
240608,83200
240609,83800
240610,84200
240611,84300
240612,84400
240613,84500
240614,84700
240615,84800
240616,85300
240617,85900
240618,86700
240619,87100
240620,87600
240621,88100
240622,88300
240623,88600
240624,89400
240625,90900
240626,91700
240627,92200
240628,93000
240629,93800
240630,94300
240701,94800
240702,95200
240703,95600
240704,96000
240705,96300
240706,96600
240707,96900
240708,97300
240709,97600
240710,97800
240711,98200
240712,98500
240713,98900
240714,99800
240715,100000
240716,100000
240717,101000
240718,101000
240719,101000
240720,101000
240721,102000
240722,102000
240723,102000
240724,103000
240725,103000
240726,103000
240727,104000
240728,104000
240729,104000
240730,105000
240731,105000
240801,105000
240802,105000
240803,106000
240804,106000
240805,106000
240806,106000
240807,106000
240808,107000
240809,107000
240810,107000
240811,107000
240812,107000
240813,108000
240814,108000
240815,108000
240816,109000
240817,109000
240818,110000
240819,111000
240820,111000
240821,111000
240822,112000
240823,112000
240824,112000
240825,113000
240826,113000
240827,113000
240828,114000
240829,114000
240830,114000
240831,114000
240901,114000
240902,115000
240903,115000
240904,115000
240905,115000
240906,115000
240907,115000
240908,115000
240909,116000
240910,116000
240911,116000
240912,116000
240913,116000
240914,116000
240915,117000
240916,117000
240917,118000
240918,118000
240919,118000
240920,118000
240921,119000
240922,119000
240923,119000
240924,119000
240925,119000
240926,119000
240927,120000
240928,120000
240929,120000
240930,120000
241001,120000
241002,120000
241003,121000
241004,121000
241005,121000
241006,121000
241007,121000
241008,121000
241009,122000
241010,122000
241011,122000
241012,122000
241013,122000
241014,123000
241015,123000
241016,123000
241017,123000
241018,123000
241019,123000
241020,124000
241021,124000
241022,124000
241023,124000
241024,125000
241025,125000
241026,125000
241027,125000
241028,125000
241029,125000
241030,125000
241031,125000
241101,126000
241102,126000
241103,126000
241104,126000
241105,126000
241106,126000
241107,126000
241108,127000
241109,127000
241110,127000
241111,127000
241112,127000
241113,127000
241114,127000
241115,128000
241116,128000
241117,128000
241118,128000
241119,129000
241120,129000
241121,129000
241122,130000
241123,132000
241124,132000
241125,133000
241126,133000
241127,134000
241128,134000
241129,135000
241130,135000
241201,136000
241202,136000
241203,136000
241204,137000
241205,137000
241206,137000
241207,138000
241208,138000
241209,138000
241210,138000
241211,138000
241212,139000
241213,139000
241214,139000
241215,140000
241216,140000
241217,140000
241218,140000
241219,140000
241220,140000
241221,140000
241222,140000
241223,140000
241224,140000
241225,141000
241226,141000
241227,141000
241228,141000
241229,141000
241230,141000
241231,142000
250101,142000
250102,142000
250103,142000
250104,143000
250105,143000
250106,143000
250107,143000
250108,143000
250109,144000
250110,144000
250111,144000
250112,144000
250113,144000
250114,144000
250115,144000
250116,145000
250117,145000
250118,145000
250119,145000
250120,145000
250121,145000
250122,145000
250123,145000
250124,145000
250125,146000
250126,146000
250127,146000
250128,146000
250129,146000
250130,146000
250131,146000
250201,146000
250202,146000
250203,146000
250204,147000
250205,147000
250206,147000
250207,147000
250208,147000
250209,147000
250210,148000
250211,148000
250212,148000
250213,148000
250214,148000
250215,148000
250216,149000
250217,149000
250218,149000
250219,149000
250220,149000
250221,149000
250222,149000
250223,149000
250224,150000
250225,150000
250226,150000
250227,150000
250228,151000
250301,151000
250302,151000
250303,152000
250304,152000
250305,152000
250306,152000
250307,153000
250308,154000
250309,154000
250310,154000
250311,154000
250312,155000
250313,155000
250314,155000
250315,155000
250316,155000
250317,155000
250318,156000
250319,156000
250320,156000
250321,156000
250322,156000
250323,156000
250324,156000
250325,156000
250326,156000
250327,157000
250328,157000
250329,157000
250330,157000
250331,157000
250401,157000
250402,157000
250403,157000
250404,157000
250405,157000
250406,158000
250407,158000
250408,158000
250409,158000
250410,158000
250411,158000
250412,158000
250413,158000
250414,159000
250415,159000
250416,159000
250417,159000
250418,159000
250419,159000
250420,159000
250421,160000
250422,160000
250423,160000
250424,161000
250425,161000
250426,161000
250427,161000
250428,162000
250429,162000
250430,162000
250502,162000
250503,163000
250504,163000
250505,163000
250506,163000
250507,164000
250508,164000
250509,164000
250510,164000
250511,164000
250512,165000
250513,165000
250514,166000
250515,166000
250516,166000
250517,166000
250518,167000
250519,167000
250520,167000
250521,168000
250522,168000
250523,168000
250524,169000
250525,169000
250602,172000
250603,174000
250605,175000
250606,176000
250607,181000
250610,184000
250611,185000
250612,185000
250613,185000
250614,186000
250615,186000
250616,186000
250617,187000
250618,187000
250619,187000
250620,188000
250621,188000
250622,188000
250623,189000
250624,189000
250627,190000
250628,190000
250629,190000
250630,191000
250701,191000
250702,191000
250703,191000
250704,191000
250705,192000
250706,192000
250707,192000
250708,192000
250709,192000
250720,194000
250721,194000
250722,195000
250723,195000
250724,195000
250725,195000
250726,195000
250727,195000
250728,195000
250729,196000
250730,196000
250731,196000
250801,196000
250802,196000
250803,197000
250804,197000
250805,198000
250806,198000
250807,198000
250808,199000
250809,199000
250810,199000
250811,200000
250812,200000
250813,201000
250814,201000
250815,201000
250816,201000
250817,202000
250818,202000
250819,202000
250820,203000
250821,203000
250822,203000
250823,203000
250824,203000
250825,205000
250826,205000
250827,205000
250828,205000
250829,206000
250830,206000
250831,206000
250901,206000
250902,206000
250903,206000
250904,206000
250905,206000
250906,207000
250907,207000
250908,207000
250909,207000
250910,208000
250911,208000
250912,208000
250913,211000
250914,212000
250915,213000
250916,213000
250917,214000
250918,214000
250919,214000
250920,215000
250921,215000
250922,216000
250923,216000
250924,217000
250925,217000
250926,217000
250927,218000
250928,218000
250929,219000
250930,219000
251001,219000
251004,221000
251005,221000
251006,221000
251007,222000
251008,222000
251009,222000
251010,223000
251011,223000
251013,224000
251014,224000
251015,224000
251016,225000
251017,225000
251018,225000
251019,225000
251020,225000
251021,225000
251022,225000
251023,225000
251024,226000
251025,226000
251026,226000
251027,226000
251028,227000
251029,227000
251030,227000
251031,227000
251101,227000
251102,228000
251103,228000
251104,228000
251105,228000
251106,228000
251107,228000
251108,228000
251109,229000
251110,229000
251111,229000
251112,229000
251113,229000
251114,230000
251115,230000
251116,230000
251117,232000
251118,232000
251119,233000
251120,233000
251121,234000
251122,234000
251123,234000
251124,235000
251125,235000
251126,235000
251127,235000
251128,235000
251129,235000
251130,235000
251201,236000
251202,236000
251203,236000
251204,236000
251205,236000
251206,236000
251207,237000
251208,237000
251209,238000
251210,238000
251211,238000
251212,238000
251213,238000
251214,238000
251217,239000
251218,239000
251219,239000
251220,239000
251221,240000
251222,240000
251223,240000
251224,240000
251225,240000
251226,241000
251227,241000
251228,242000
251229,242000
251230,242000
251231,242000
260101,243000
260104,244000
260105,245000
260106,245000
260107,245000
260108,246000
260109,246000
260110,246000
260111,247000
260112,247000
260113,248000
260114,248000
260115,249000
260116,249000
260117,249000
260118,249000
260119,250000
260120,250000
260121,250000
260124,251000
260125,252000
260126,252000
260127,252000
260128,252000
260129,252000
260130,252000
260131,253000
260201,253000
260204,253000
260205,253000
260206,253000
260207,253000
260208,254000
260209,254000
260210,254000
260211,254000
260212,254000
260213,254000
260214,254000
260215,254000
260216,254000
260217,255000
260218,255000
260219,255000
260220,255000
260221,255000
260222,256000
260223,256000
260224,257000
260225,257000
260226,258000
260227,258000
260228,258000
260301,258000
260302,258000
260303,259000
260304,259000
260305,259000
260306,259000
260307,259000
260308,259000
260309,260000
260310,260000
260311,260000
260312,260000
260313,260000
260316,260000
260317,260000
260318,260000
260319,260000
260320,261000
260321,261000
260322,261000
260323,261000
260324,261000
260325,261000
260328,261000
260329,261000
260330,261000
260331,261000
260401,261000
260402,262000
260403,263000
260404,263000
260405,263000
260406,264000
260407,264000
260408,264000
260409,265000
260410,265000
260411,265000
260412,265000
260413,265000
260414,265000
260415,266000
260416,266000
260417,266000
260418,266000
260419,266000
260420,266000
260421,266000
260422,267000
260423,267000
260424,267000
260425,267000
260426,267000
260427,268000
260428,268000
260429,268000
260430,268000
260501,269000
260502,269000
260503,272000
260504,283000
260505,289000
260506,294000
260507,294000
260508,295000
260511,295000
260512,296000
260515,296000
260516,296000
260517,296000
260518,296000
260519,296000
260520,296000
260521,296000
260522,296000
260523,296000
260524,296000
260525,297000
260526,297000
260527,297000
260528,297000
260531,297000
260601,297000
260602,297000
260603,298000
260604,298000
260605,298000
260606,298000
260607,298000
260608,298000
260609,298000
260610,298000
260611,298000
260612,299000
260613,299000
260614,299000
260615,300000
260616,300000
260617,300000
260618,300000
260619,300000
260620,301000
260621,301000
260622,301000
260623,301000
260624,301000
260625,301000
260626,301000
260627,301000
260628,301000
260629,301000
260630,302000
260701,302000
260702,302000
260703,302000
260704,302000
260705,302000
260706,302000
260707,302000
260708,302000
260709,302000
260710,302000
260711,303000
260712,303000
260713,303000
260714,303000
260715,303000
260716,303000
260717,304000
260718,304000
260719,304000
260720,304000
260721,304000
260722,304000
260723,304000
260724,304000
260725,304000
260726,304000
260727,305000
260728,305000
260729,305000
