190809,4251
190811,5430
190816,15391
190818,16473
190819,16831
190820,17239
190821,18000
190822,18472
190823,18738
190824,18929
190825,19240
190826,19671
190827,20085
190828,20323
190829,20590
190830,20833
190831,21342
190901,21852
190902,22263
190903,22839
190904,23148
190905,23481
190906,23774
190907,24008
190908,24356
190909,24865
190910,25623
190911,26177
190912,26727
190914,27811
190915,28886
190916,29409
190918,30590
190919,31200
190920,31800
190921,32200
190922,33300
190923,33800
190924,34800
190926,35900
190927,36300
190929,37100
190930,37500
191001,37900
191002,38200
191003,38400
191017,41800
191018,41900
191020,42200
191029,44100
191030,44500
191101,44700
191109,46300
191111,46800
191117,48200
191118,48500
191119,48600
191122,49200
191124,50000
191125,50100
191126,50400
191127,50600
191130,50900
191202,51200
191204,51400
191211,52700
191216,53600
191222,55100
191228,57600
191230,58300
191231,58800
200101,59300
200111,66400
200113,67300
200125,74600
200127,76000
200131,78700
200201,79000
200205,81200
200206,81700
200224,91000
200228,92300
200307,95400
200311,97700
200312,98400
200316,100000
200322,102000
200323,103000
200327,106000
200328,107000
200330,111000
200401,114000
200406,116000
200408,117000
200410,117000
200412,117000
200413,118000
200417,119000
200418,119000
200420,120000
200423,121000
200428,122000
200429,122000
200501,12200
200507,12200
200511,12200
200518,126000
200526,130000
200601,131000
200611,133000
200622,135000
200629,136000
200701,137000
200707,138000
200725,143000
200727,143000
200801,145000
200803,146000
200805,146000
200809,147000
200810,147000
200811,148000
200815,149000
200816,149000
200817,150000
200829,153000
200901,158000
200906,164000
200920,171000
200921,171000
200928,174000
201001,175000
201007,176000
201008,177000
201010,177000
201011,177000
201014,179000
201015,179000
210101,219000
210102,220000
210103,221000
210104,222000
210105,222000
210107,224000
210110,227000
210111,227000
210112,228000
210114,229000
210118,231000
210122,233000
210123,234000
210125,236000
210127,238000
210128,238000
210129,239000
210201,240000
210203,241000
210204,241000
210205,242000
210207,243000
210208,243000
210214,247000
210221,250000
210222,251000
210228,253000
210301,253000
210304,255000
210308,255000
210311,256000
210312,257000
210315,258000
210322,260000
210329,262000
210331,263000
210401,263000
210405,265000
210408,266000
210409,266000
210420,267000
210501,268000
210510,274000
210531,284000
210605,285000
210607,286000
210621,290000
210701,291000
210704,292000
210705,292000
210709,293000
210710,293000
210711,293000
210712,294000
210713,294000
210714,294000
210717,297000
210720,300000
210721,300000
210723,303000
210724,305000
210726,309000
210731,313000
210801,314000
210802,315000
210803,317000
210804,317000
210805,318000
210806,319000
210807,319000
210808,319000
210809,320000
210812,321000
210816,324000
210817,325000
210819,326000
210822,327000
210823,328000
210828,329000
210830,331000
210831,331000
210901,331000
210906,333000
210913,334000
210923,335000
210927,336000
211007,338000
211008,338000
211009,338000
211011,338000
211014,339000
211025,339000
211105,339000
211108,339000
211120,339000
211201,339000
211204,339000
211206,339000
211211,339000
211213,339000
211220,339000
220101,340000
220201,362000
220301,368000
220329,371000
220401,372000
220404,374000
220412,377000
220418,378000
220419,378000
220422,379000
220501,382000
220515,388000
220518,394000
220528,406000
220529,406000
220530,407000
220531,408000
220601,409000
220603,410000
220604,411000
220605,413000
220606,414000
220608,415000
220612,423000
220616,433000
220621,442000
220625,445000
220627,447000
220701,451000
220704,454000
220706,455000
220711,459000
220719,464000
220728,469000
220814,475000
220826,482000
220901,486000
220916,491000
220926,496000
221001,498000
221024,506000
221030,509000
221101,509000
221107,514000
221114,519000
221201,522000
221212,523000
221213,523000
221221,523000
221226,524000
230101,525000
230109,527000
230111,528000
230116,529000
230120,531000
230121,532000
230124,533000
230130,534000
230201,535000
230213,538000
230301,542000
230318,544000
230321,544000
230322,544000
230327,545000
230401,546000
230403,546000
230411,546000
230417,546000
230424,548000
230501,549000
230512,551000
230515,551000
230522,554000
230601,555000
230605,556000
230613,557000
230629,559000
230701,560000
230703,560000
230710,561000
230714,561000
230724,564000
230731,566000
230801,566000
230828,570000
230901,572000
231001,576000
231101,578000
231113,578000
231120,578000
231201,579000
240101,581000
240528,596000
240529,596000
240530,597000
240531,597000
240601,597000
240602,597000
240603,597000
240604,597000
240605,597000
240606,598000
240607,598000
240608,598000
240609,598000
240610,599000
240611,599000
240612,599000
240613,599000
240614,599000
240615,599000
240616,600000
240617,600000
240618,600000
240619,601000
240620,601000
240621,601000
240622,601000
240623,601000
240624,601000
240625,601000
240626,602000
240627,602000
240628,602000
240629,602000
240630,602000
240701,603000
240702,603000
240703,603000
240704,603000
240705,603000
240706,603000
240707,603000
240708,603000
240709,603000
240710,603000
240711,603000
240712,603000
240713,603000
240714,603000
240715,603000
240716,603000
240717,603000
240718,603000
240719,604000
240720,604000
240721,604000
240722,604000
240723,604000
240724,604000
240725,604000
240726,604000
240727,604000
240728,604000
240729,604000
240730,604000
240731,604000
240801,604000
240802,604000
240803,604000
240804,604000
240805,605000
240806,605000
240807,605000
240808,605000
240809,605000
240810,605000
240811,605000
240812,605000
240813,605000
240814,605000
240815,605000
240816,606000
240817,606000
240818,606000
240819,606000
240820,606000
240821,606000
240822,606000
240823,606000
240824,606000
240825,606000
240826,606000
240827,606000
240828,606000
240829,606000
240830,606000
240831,606000
240901,607000
240902,607000
240903,607000
240904,607000
240905,607000
240906,607000
240907,607000
240908,607000
240909,607000
240910,607000
240911,607000
240912,607000
240913,607000
240914,607000
240915,607000
240916,607000
240917,607000
240918,607000
240919,607000
240920,607000
240921,607000
240922,607000
240923,608000
240924,608000
240925,608000
240926,608000
240927,608000
240928,608000
240929,608000
240930,608000
241001,608000
241002,608000
241003,608000
241004,608000
241005,608000
241006,608000
241007,608000
241008,608000
241009,608000
241010,609000
241011,609000
241012,609000
241013,609000
241014,609000
241015,609000
241016,610000
241017,610000
241018,610000
241019,610000
241020,610000
241021,610000
241022,610000
241023,610000
241024,610000
241025,610000
241026,610000
241027,610000
241028,610000
241029,610000
241030,610000
241031,610000
241101,610000
241102,610000
241103,611000
241104,611000
241105,611000
241106,611000
241107,611000
241108,612000
241109,612000
241110,612000
241111,612000
241112,612000
241113,612000
241114,612000
241115,612000
241116,612000
241117,612000
241118,613000
241119,613000
241120,613000
241121,613000
241122,613000
241123,613000
241124,613000
241125,613000
241126,613000
241127,613000
241128,613000
241129,613000
241130,613000
241201,613000
241202,613000
241203,613000
241204,613000
241205,613000
241206,614000
241207,614000
241208,614000
241209,614000
241210,614000
241211,615000
241212,615000
241213,615000
241214,615000
241215,615000
241216,615000
241217,615000
241218,616000
241219,616000
241220,616000
241221,616000
241222,616000
241223,616000
241224,616000
241225,616000
241226,616000
241227,616000
241228,616000
241229,616000
241230,616000
241231,616000
250101,616000
250102,616000
250103,616000
250104,616000
250105,616000
250106,616000
250107,617000
250108,617000
250109,617000
250110,617000
250111,617000
250112,618000
250113,618000
250114,619000
250115,619000
250116,619000
250117,619000
250118,619000
250119,619000
250120,619000
250121,619000
250122,619000
250123,619000
250124,619000
250125,619000
250126,619000
250127,619000
250128,619000
250129,619000
250130,619000
250131,619000
250201,619000
250202,619000
250203,620000
250204,620000
250205,620000
250206,620000
250207,620000
250208,620000
250209,621000
250210,621000
250211,621000
250212,621000
250213,621000
250214,621000
250215,621000
250216,621000
250217,621000
250218,621000
250219,622000
250220,622000
250221,622000
250222,622000
250223,622000
250224,622000
250225,622000
250226,622000
250227,622000
250228,622000
250301,622000
250302,622000
250303,622000
250304,622000
250305,622000
250306,622000
250307,622000
250308,622000
250309,622000
250310,622000
250311,622000
250312,622000
250313,622000
250314,622000
250315,622000
250316,622000
250317,622000
250318,622000
250319,622000
250320,622000
250321,622000
250322,622000
250323,622000
250324,622000
250325,622000
250326,622000
250327,622000
250328,622000
250329,622000
250330,622000
250331,622000
250401,622000
250402,622000
250403,622000
250404,622000
250405,622000
250406,622000
250407,622000
250408,622000
250409,622000
250410,622000
250411,622000
250412,622000
250413,622000
250414,622000
250415,622000
250416,622000
250417,622000
250418,622000
250419,622000
250420,622000
250421,622000
250422,622000
250423,622000
250424,622000
250425,622000
250426,622000
250427,622000
250428,622000
250429,622000
250430,622000
250502,622000
250503,622000
250504,622000
250505,622000
250506,622000
250507,622000
250508,622000
250509,622000
250510,622000
250511,622000
250512,622000
250513,622000
250514,622000
250515,622000
250516,622000
250517,622000
250518,622000
250519,622000
250520,622000
250521,622000
250522,622000
250523,622000
250524,622000
250525,622000
250602,622000
250603,622000
250605,622000
250606,622000
250607,622000
250610,622000
250611,622000
250612,622000
250613,622000
250614,623000
250615,624000
250616,624000
250617,624000
250618,624000
250619,624000
250620,624000
250621,624000
250622,624000
250623,624000
250624,624000
250627,624000
250628,624000
250629,624000
250630,624000
250701,624000
250702,624000
250703,624000
250704,624000
250705,624000
250706,624000
250707,624000
250708,624000
250709,624000
250720,624000
250721,624000
250722,624000
250723,624000
250724,624000
250725,624000
250726,624000
250727,624000
250728,624000
250729,625000
250730,625000
250731,625000
250801,625000
250802,625000
250803,625000
250804,625000
250805,625000
250806,625000
250807,625000
250808,624000
250809,624000
250810,625000
250811,625000
250812,625000
250813,624000
250814,624000
250815,625000
250816,625000
250817,625000
250818,625000
250819,625000
250820,625000
250821,625000
250822,625000
250823,625000
250824,625000
250825,625000
250826,625000
250827,625000
250828,625000
250829,625000
250830,625000
250831,625000
250901,625000
250902,625000
250903,625000
250904,625000
250905,625000
250906,625000
250907,625000
250908,625000
250909,625000
250910,625000
250911,625000
250912,625000
250913,625000
250914,625000
250915,625000
250916,625000
250917,625000
250918,625000
250919,625000
250920,625000
250921,625000
250922,625000
250923,625000
250924,625000
250925,625000
250926,626000
250927,626000
250928,626000
250929,626000
250930,626000
251001,626000
251004,627000
251005,627000
251006,627000
251007,627000
251008,627000
251009,627000
251010,627000
251011,627000
251013,627000
251014,627000
251015,627000
251016,627000
251017,627000
251018,627000
251019,627000
251020,627000
251021,627000
251022,627000
251023,627000
251024,627000
251025,627000
251026,627000
251027,627000
251028,627000
251029,627000
251030,627000
251031,627000
251101,627000
251102,627000
251103,627000
251104,627000
251105,627000
251106,627000
251107,627000
251108,627000
251109,627000
251110,627000
251111,627000
251112,627000
251113,627000
251114,627000
251115,627000
251116,627000
251117,627000
251118,627000
251119,627000
251120,627000
251121,627000
251122,627000
251123,627000
251124,627000
251125,627000
251126,627000
251127,627000
251128,627000
251129,627000
251130,627000
251201,627000
251202,627000
251203,627000
251204,627000
251205,627000
251206,627000
251207,627000
251208,627000
251209,627000
251210,627000
251211,627000
251212,627000
251213,627000
251214,627000
251217,627000
251218,627000
251219,627000
251220,627000
251221,627000
251222,627000
251223,627000
251224,627000
251225,627000
251226,627000
251227,627000
251228,627000
251229,627000
251230,627000
251231,627000
260101,626000
260104,626000
260105,626000
260106,626000
260107,626000
260108,626000
260109,626000
260110,626000
260111,626000
260112,626000
260113,626000
260114,626000
260115,626000
260116,626000
260117,626000
260118,626000
260119,626000
260120,626000
260121,626000
260124,626000
260125,626000
260126,627000
260127,627000
260128,627000
260129,627000
260130,626000
260131,626000
260201,627000
260204,626000
260205,626000
260206,626000
260207,626000
260208,626000
260209,626000
260210,626000
260211,626000
260212,626000
260213,626000
260214,626000
260215,626000
260216,626000
260217,626000
260218,626000
260219,626000
260220,626000
260221,626000
260222,626000
260223,626000
260224,626000
260225,626000
260226,626000
260227,626000
260228,626000
260301,626000
260302,626000
260303,626000
260304,626000
260305,626000
260306,626000
260307,627000
260308,627000
260309,628000
260310,628000
260311,628000
260312,628000
260313,628000
260316,628000
260317,628000
260318,628000
260319,628000
260320,628000
260321,628000
260322,628000
260323,628000
260324,628000
260325,628000
260328,628000
260329,628000
260330,628000
260331,628000
260401,628000
260402,628000
260403,628000
260404,628000
260405,628000
260406,628000
260407,628000
260408,628000
260409,628000
260410,628000
260411,628000
260412,628000
260413,628000
260414,628000
260415,628000
260416,628000
260417,628000
260418,628000
260419,628000
260420,628000
260421,628000
260422,628000
260423,628000
260424,628000
260425,628000
260426,628000
260427,628000
260428,628000
260429,628000
260430,628000
260501,628000
260502,628000
260503,628000
260504,628000
260505,628000
260506,628000
260507,628000
260508,628000
260511,628000
260512,628000
260515,628000
260516,628000
260517,628000
260518,628000
260519,628000
260520,628000
260521,628000
260522,628000
260523,628000
260524,628000
260525,628000
260526,628000
260527,628000
260528,628000
260531,628000
260601,628000
260602,628000
260603,628000
260604,628000
260605,628000
260606,628000
260607,629000
260608,629000
260609,629000
260610,629000
260611,629000
260612,629000
260613,628000
260614,628000
260615,628000
260616,628000
260617,628000
260618,628000
260619,628000
260620,628000
260621,628000
260622,628000
260623,628000
260624,628000
260625,628000
260626,628000
260627,628000
260628,629000
260629,628000
260630,629000
260701,629000
260702,629000
260703,629000
260704,629000
260705,629000
260706,629000
260707,629000
260708,629000
260709,629000
260710,629000
260711,629000
260712,629000
260713,629000
260714,629000
260715,629000
260716,628000
260717,628000
260718,628000
260719,628000
260720,628000
260721,628000
260722,628000
260723,628000
260724,628000
260725,628000
260726,628000
260727,628000
260728,628000
260729,628000
260730,628000
260731,628000
260801,628000
260802,628000
260803,628000
260804,628000
260805,628000
260806,628000
260807,628000
260808,628000
260809,628000
260810,628000
260811,628000
260812,628000
260813,628000
260814,628000
260815,628000
260816,628000
260817,628000
260818,628000
260819,628000
260820,628000
260821,628000
260822,628000
260823,628000
260824,628000
260825,628000
260826,628000
260827,628000
260828,628000
260829,628000
260830,628000
260831,628000
260901,628000
260902,628000
260903,628000
260904,628000
260905,628000
260906,628000
260907,628000
260908,628000
260909,628000
260910,628000
260911,628000
260912,628000
260913,628000
260914,628000
260915,628000
260916,628000
260917,628000
