230403,41900
230411,72300
230417,75000
230424,77400
230501,80100
230512,86800
230515,87800
230522,89400
230601,92000
230605,93600
230613,94800
230629,96700
230701,100000
230703,100000
230710,102000
230714,103000
230724,105000
230731,106000
230801,106000
230828,112000
230901,113000
231001,116000
231101,122000
231113,123000
231120,124000
231201,126000
240101,134000
240528,171000
240529,172000
240530,172000
240531,172000
240601,172000
240602,172000
240603,173000
240604,173000
240605,173000
240606,173000
240607,174000
240608,174000
240609,174000
240610,174000
240611,174000
240612,175000
240613,175000
240614,175000
240615,175000
240616,175000
240617,176000
240618,176000
240619,176000
240620,176000
240621,176000
240622,176000
240623,176000
240624,177000
240625,177000
240626,177000
240627,177000
240628,177000
240629,178000
240630,178000
240701,178000
240702,178000
240703,178000
240704,179000
240705,179000
240706,179000
240707,179000
240708,179000
240709,179000
240710,180000
240711,180000
240712,180000
240713,181000
240714,181000
240715,181000
240716,182000
240717,182000
240718,182000
240719,182000
240720,183000
240721,183000
240722,183000
240723,184000
240724,185000
240725,186000
240726,186000
240727,187000
240728,187000
240729,187000
240730,188000
240731,188000
240801,189000
240802,189000
240803,190000
240804,190000
240805,191000
240806,191000
240807,191000
240808,192000
240809,192000
240810,192000
240811,193000
240812,193000
240813,193000
240814,194000
240815,194000
240816,195000
240817,195000
240818,195000
240819,196000
240820,196000
240821,197000
240822,198000
240823,200000
240824,201000
240825,201000
240826,202000
240827,202000
240828,203000
240829,203000
240830,204000
240831,204000
240901,205000
240902,205000
240903,205000
240904,206000
240905,206000
240906,206000
240907,206000
240908,207000
240909,207000
240910,207000
240911,208000
240912,208000
240913,208000
240914,209000
240915,209000
240916,209000
240917,211000
240918,211000
240919,211000
240920,212000
240921,212000
240922,212000
240923,212000
240924,213000
240925,213000
240926,213000
240927,214000
240928,214000
240929,214000
240930,214000
241001,214000
241002,215000
241003,215000
241004,215000
241005,216000
241006,216000
241007,216000
241008,216000
241009,217000
241010,217000
241011,217000
241012,217000
241013,217000
241014,217000
241015,218000
241016,218000
241017,218000
241018,218000
241019,218000
241020,219000
241021,219000
241022,219000
241023,219000
241024,219000
241025,220000
241026,220000
241027,220000
241028,221000
241029,221000
241030,221000
241031,223000
241101,223000
241102,223000
241103,224000
241104,224000
241105,224000
241106,224000
241107,225000
241108,225000
241109,225000
241110,225000
241111,226000
241112,226000
241113,226000
241114,227000
241115,227000
241116,227000
241117,228000
241118,228000
241119,228000
241120,229000
241121,229000
241122,229000
241123,229000
241124,230000
241125,230000
241126,230000
241127,231000
241128,231000
241129,231000
241130,232000
241201,232000
241202,233000
241203,234000
241204,234000
241205,235000
241206,235000
241207,235000
241208,235000
241209,236000
241210,236000
241211,236000
241212,236000
241213,236000
241214,236000
241215,237000
241216,237000
241217,237000
241218,237000
241219,237000
241220,238000
241221,238000
241222,238000
241223,238000
241224,239000
241225,239000
241226,239000
241227,239000
241228,240000
241229,240000
241230,240000
241231,241000
250101,241000
250102,241000
250103,241000
250104,242000
250105,242000
250106,243000
250107,244000
250108,244000
250109,244000
250110,245000
250111,245000
250112,245000
250113,246000
250114,246000
250115,247000
250116,247000
250117,247000
250118,247000
250119,248000
250120,248000
250121,248000
250122,249000
250123,249000
250124,249000
250125,250000
250126,250000
250127,250000
250128,251000
250129,252000
250130,252000
250131,252000
250201,252000
250202,253000
250203,253000
250204,254000
250205,254000
250206,254000
250207,254000
250208,255000
250209,255000
250210,255000
250211,255000
250212,256000
250213,256000
250214,256000
250215,257000
250216,257000
250217,258000
250218,258000
250219,258000
250220,258000
250221,259000
250222,259000
250223,259000
250224,261000
250225,262000
250226,263000
250227,264000
250228,264000
250301,265000
250302,266000
250303,266000
250304,267000
250305,268000
250306,268000
250307,269000
250308,270000
250309,271000
250310,271000
250311,273000
250312,274000
250313,275000
250314,276000
250315,284000
250316,286000
250317,287000
250318,288000
250319,288000
250320,289000
250321,290000
250322,290000
250323,291000
250324,291000
250325,292000
250326,292000
250327,293000
250328,293000
250329,294000
250330,295000
250331,295000
250401,296000
250402,296000
250403,297000
250404,298000
250405,298000
250406,299000
250407,299000
250408,300000
250409,300000
250410,300000
250411,301000
250412,301000
250413,301000
250414,302000
250415,302000
250416,302000
250417,303000
250418,303000
250419,303000
250420,303000
250421,304000
250422,304000
250423,304000
250424,305000
250425,305000
250426,305000
250427,306000
250428,307000
250429,307000
250430,308000
250502,308000
250503,308000
250504,309000
250505,309000
250506,310000
250507,310000
250508,311000
250509,311000
250510,311000
250511,312000
250512,312000
250513,312000
250514,313000
250515,313000
250516,313000
250517,314000
250518,314000
250519,314000
250520,314000
250521,315000
250522,315000
250523,316000
250524,316000
250525,317000
250602,319000
250603,320000
250605,320000
250606,320000
250607,320000
250610,321000
250611,321000
250612,321000
250613,322000
250614,322000
250615,322000
250616,322000
250617,322000
250618,322000
250619,323000
250620,323000
250621,323000
250622,323000
250623,323000
250624,323000
250627,324000
250628,324000
250629,324000
250630,325000
250701,325000
250702,325000
250703,325000
250704,325000
250705,326000
250706,326000
250707,326000
250708,327000
250709,327000
250720,329000
250721,330000
250722,330000
250723,330000
250724,330000
250725,330000
250726,331000
250727,331000
250728,331000
250729,331000
250730,331000
250731,332000
250801,332000
250802,332000
250803,332000
250804,332000
250805,333000
250806,333000
250807,333000
250808,334000
250809,334000
250810,334000
250811,334000
250812,334000
250813,335000
250814,335000
250815,335000
250816,336000
250817,336000
250818,336000
250819,336000
250820,336000
250821,337000
250822,337000
250823,337000
250824,337000
250825,338000
250826,338000
250827,338000
250828,338000
250829,339000
250830,339000
250831,339000
250901,339000
250902,339000
250903,339000
250904,340000
250905,340000
250906,340000
250907,341000
250908,341000
250909,341000
250910,341000
250911,342000
250912,342000
250913,342000
250914,342000
250915,342000
250916,343000
250917,343000
250918,343000
250919,344000
250920,344000
250921,344000
250922,344000
250923,344000
250924,345000
250925,345000
250926,345000
250927,345000
250928,345000
250929,345000
250930,345000
251001,346000
251004,346000
251005,346000
251006,346000
251007,346000
251008,346000
251009,346000
251010,347000
251011,347000
251013,347000
251014,347000
251015,347000
251016,347000
251017,347000
251018,348000
251019,348000
251020,348000
251021,348000
251022,348000
251023,348000
251024,349000
251025,349000
251026,349000
251027,349000
251028,349000
251029,349000
251030,349000
251031,350000
251101,350000
251102,350000
251103,350000
251104,350000
251105,350000
251106,350000
251107,350000
251108,350000
251109,351000
251110,351000
251111,351000
251112,351000
251113,351000
251114,352000
251115,352000
251116,352000
251117,352000
251118,352000
251119,352000
251120,352000
251121,353000
251122,353000
251123,353000
251124,353000
251125,353000
251126,353000
251127,353000
251128,353000
251129,354000
251130,354000
251201,354000
251202,355000
251203,356000
251204,356000
251205,356000
251206,356000
251207,356000
251208,357000
251209,357000
251210,357000
251211,357000
251212,357000
251213,357000
251214,358000
251217,358000
251218,358000
251219,358000
251220,358000
251221,359000
251222,359000
251223,359000
251224,359000
251225,359000
251226,360000
251227,360000
251228,360000
251229,360000
251230,361000
251231,361000
260101,361000
260104,362000
260105,363000
260106,363000
260107,363000
260108,364000
260109,364000
260110,364000
260111,364000
260112,365000
260113,365000
260114,365000
260115,365000
260116,366000
260117,366000
260118,366000
260119,366000
260120,366000
260121,367000
260124,367000
260125,367000
260126,368000
260127,368000
260128,368000
260129,368000
260130,369000
260131,369000
260201,369000
260204,370000
260205,370000
260206,370000
260207,371000
260208,371000
260209,371000
260210,371000
260211,371000
260212,371000
260213,371000
260214,372000
260215,372000
260216,372000
260217,372000
260218,372000
260219,372000
260220,373000
260221,373000
260222,373000
260223,373000
260224,374000
260225,374000
260226,374000
260227,374000
260228,374000
260301,374000
260302,374000
260303,374000
260304,374000
260305,375000
260306,375000
260307,375000
260308,375000
260309,375000
260310,375000
260311,375000
260312,375000
260313,376000
260316,376000
260317,376000
260318,376000
260319,376000
260320,376000
260321,376000
260322,376000
260323,376000
260324,377000
260325,377000
260328,377000
260329,377000
260330,377000
260331,377000
260401,378000
260402,378000
260403,378000
260404,378000
260405,378000
260406,378000
260407,379000
260408,379000
260409,379000
260410,379000
260411,379000
260412,379000
260413,379000
260414,380000
260415,380000
260416,380000
260417,380000
260418,380000
260419,380000
260420,380000
260421,380000
260422,380000
260423,380000
260424,381000
260425,381000
260426,381000
260427,381000
260428,381000
260429,381000
260430,381000
260501,381000
260502,382000
260503,382000
260504,382000
260505,382000
260506,382000
260507,382000
260508,382000
260511,383000
260512,383000
260515,384000
260516,384000
260517,384000
260518,384000
260519,385000
260520,385000
260521,385000
260522,386000
260523,386000
260524,386000
260525,386000
260526,387000
260527,387000
260528,387000
260531,388000
260601,388000
260602,388000
260603,388000
260604,389000
260605,389000
260606,389000
260607,389000
260608,390000
260609,390000
260610,390000
260611,390000
260612,390000
260613,390000
260614,391000
260615,391000
260616,391000
260617,391000
260618,391000
260619,391000
260620,391000
260621,392000
260622,392000
260623,392000
260624,392000
260625,392000
260626,392000
260627,392000
260628,393000
260629,393000
260630,393000
260701,393000
260702,393000
260703,393000
260704,394000
260705,394000
260706,394000
260707,394000
260708,394000
260709,395000
260710,395000
260711,395000
260712,395000
260713,395000
260714,395000
260715,396000
260716,396000
260717,396000
260718,396000
260719,396000
260720,396000
260721,396000
260722,397000
260723,397000
260724,397000
260725,397000
260726,397000
260727,397000
260728,397000
260729,397000
260730,397000
260731,398000
260801,398000
260802,398000
260803,398000
260804,398000
260805,398000
260806,398000
260807,399000
260808,399000
260809,399000
260810,399000
260811,400000
260812,400000
260813,400000
260814,400000
260815,401000
260816,401000
260817,401000
260818,401000
260819,401000
260820,401000
260821,401000
260822,402000
260823,402000
260824,402000
260825,403000
260826,403000
260827,403000
260828,403000
260829,403000
260830,403000
260831,404000
260901,404000
260902,404000
260903,404000
260904,404000
260905,404000
260906,404000
260907,405000
260908,405000
260909,405000
260910,405000
260911,405000
260912,405000
260913,405000
260914,405000
260915,405000
260916,405000
260917,405000
260918,405000
260919,406000
260920,406000
260921,404000
260922,406000
260923,406000
260924,406000
260925,406000
260926,407000
260927,407000
