200809,8460
200810,26100
200811,31100
200815,39100
200816,42600
200817,45200
200829,58000
200901,60500
200906,63000
200920,74600
200921,75200
200928,80200
201001,81000
201007,83000
201008,83200
201010,83400
201011,83600
201014,84600
201015,84700
210101,110000
210102,110000
210103,110000
210104,111000
210105,111000
210107,112000
210110,113000
210111,114000
210112,114000
210114,115000
210118,116000
210122,117000
210123,117000
210125,117000
210127,118000
210128,118000
210129,118000
210201,119000
210203,119000
210204,119000
210205,120000
210207,120000
210208,120000
210214,127000
210221,131000
210222,132000
210228,133000
210301,133000
210304,134000
210308,135000
210311,140000
210312,142000
210315,145000
210322,149000
210329,152000
210331,153000
210401,153000
210405,154000
210408,154000
210409,154000
210420,155000
210501,156000
210510,157000
210531,159000
210605,159000
210607,159000
210621,161000
210701,163000
210704,164000
210705,164000
210709,165000
210710,165000
210711,165000
210712,165000
210713,165000
210714,166000
210717,166000
210720,167000
210721,167000
210723,167000
210724,167000
210726,168000
210731,169000
210801,169000
210802,169000
210803,169000
210804,169000
210805,169000
210806,169000
210807,169000
210808,170000
210809,170000
210812,171000
210816,173000
210817,173000
210819,174000
210822,174000
210823,174000
210828,175000
210830,175000
210831,175000
210901,175000
210906,175000
210913,176000
210923,177000
210927,178000
211007,181000
211008,181000
211009,181000
211011,181000
211014,181000
211025,181000
211105,182000
211108,182000
211120,183000
211201,186000
211204,186000
211206,186000
211211,186000
211213,186000
211220,186000
220101,187000
220201,189000
220301,191000
220329,191000
220401,192000
220404,192000
220412,193000
220418,195000
220419,196000
220422,196000
220501,197000
220515,205000
220518,207000
220528,209000
220529,209000
220530,209000
220531,209000
220601,209000
220603,209000
220604,210000
220605,210000
220606,210000
220608,210000
220612,210000
220616,211000
220621,211000
220625,213000
220627,214000
220701,214000
220704,215000
220706,215000
220711,216000
220719,218000
220728,221000
220814,226000
220826,231000
220901,233000
220916,237000
220926,238000
221001,239000
221024,241000
221030,241000
221101,241000
221107,242000
221114,244000
221201,245000
221212,249000
221213,249000
221221,249000
221226,250000
230101,250000
230109,252000
230111,252000
230116,252000
230120,252000
230121,253000
230124,253000
230130,254000
230201,254000
230213,256000
230301,257000
230318,258000
230321,258000
230322,258000
230327,258000
230401,258000
230403,259000
230411,259000
230417,260000
230424,260000
230501,260000
230512,260000
230515,260000
230522,261000
230601,261000
230605,261000
230613,262000
230629,263000
230701,263000
230703,263000
230710,263000
230714,263000
230724,263000
230731,263000
230801,263000
230828,266000
230901,266000
231001,267000
231101,268000
231113,269000
231120,269000
231201,270000
240101,272000
240528,278000
240529,278000
240530,278000
240531,278000
240601,278000
240602,278000
240603,278000
240604,278000
240605,278000
240606,278000
240607,278000
240608,278000
240609,278000
240610,278000
240611,278000
240612,278000
240613,278000
240614,278000
240615,278000
240616,278000
240617,279000
240618,279000
240619,279000
240620,279000
240621,280000
240622,280000
240623,280000
240624,281000
240625,282000
240626,283000
240627,283000
240628,283000
240629,284000
240630,284000
240701,284000
240702,285000
240703,286000
240704,286000
240705,286000
240706,286000
240707,287000
240708,287000
240709,287000
240710,287000
240711,287000
240712,287000
240713,287000
240714,287000
240715,287000
240716,288000
240717,288000
240718,288000
240719,288000
240720,288000
240721,288000
240722,288000
240723,288000
240724,288000
240725,288000
240726,288000
240727,288000
240728,288000
240729,289000
240730,289000
240731,289000
240801,289000
240802,289000
240803,290000
240804,290000
240805,290000
240806,290000
240807,290000
240808,290000
240809,290000
240810,290000
240811,291000
240812,291000
240813,291000
240814,291000
240815,291000
240816,291000
240817,292000
240818,292000
240819,292000
240820,292000
240821,292000
240822,292000
240823,292000
240824,292000
240825,292000
240826,292000
240827,293000
240828,293000
240829,293000
240830,293000
240831,293000
240901,293000
240902,293000
240903,293000
240904,293000
240905,294000
240906,294000
240907,294000
240908,294000
240909,294000
240910,294000
240911,294000
240912,294000
240913,294000
240914,294000
240915,294000
240916,294000
240917,294000
240918,294000
240919,294000
240920,294000
240921,294000
240922,294000
240923,294000
240924,294000
240925,294000
240926,294000
240927,294000
240928,294000
240929,294000
240930,295000
241001,295000
241002,295000
241003,295000
241004,295000
241005,295000
241006,295000
241007,295000
241008,295000
241009,295000
241010,295000
241011,295000
241012,295000
241013,295000
241014,295000
241015,295000
241016,295000
241017,295000
241018,295000
241019,295000
241020,295000
241021,295000
241022,295000
241023,295000
241024,295000
241025,295000
241026,295000
241027,295000
241028,295000
241029,295000
241030,295000
241031,295000
241101,295000
241102,295000
241103,296000
241104,296000
241105,296000
241106,296000
241107,296000
241108,296000
241109,296000
241110,296000
241111,296000
241112,296000
241113,296000
241114,296000
241115,296000
241116,296000
241117,296000
241118,296000
241119,296000
241120,296000
241121,296000
241122,296000
241123,296000
241124,296000
241125,296000
241126,296000
241127,296000
241128,297000
241129,297000
241130,297000
241201,297000
241202,297000
241203,297000
241204,297000
241205,297000
241206,297000
241207,297000
241208,297000
241209,298000
241210,298000
241211,298000
241212,298000
241213,298000
241214,298000
241215,298000
241216,298000
241217,298000
241218,298000
241219,298000
241220,298000
241221,298000
241222,298000
241223,299000
241224,300000
241225,300000
241226,300000
241227,300000
241228,300000
241229,300000
241230,300000
241231,300000
250101,300000
250102,300000
250103,300000
250104,300000
250105,300000
250106,300000
250107,300000
250108,300000
250109,300000
250110,300000
250111,300000
250112,300000
250113,300000
250114,300000
250115,300000
250116,300000
250117,300000
250118,300000
250119,300000
250120,300000
250121,300000
250122,300000
250123,301000
250124,301000
250125,301000
250126,301000
250127,301000
250128,301000
250129,301000
250130,301000
250131,301000
250201,301000
250202,301000
250203,301000
250204,301000
250205,301000
250206,301000
250207,301000
250208,301000
250209,301000
250210,301000
250211,301000
250212,301000
250213,301000
250214,302000
250215,302000
250216,302000
250217,302000
250218,302000
250219,302000
250220,302000
250221,302000
250222,302000
250223,302000
250224,302000
250225,302000
250226,302000
250227,302000
250228,302000
250301,302000
250302,302000
250303,302000
250304,302000
250305,302000
250306,302000
250307,302000
250308,302000
250309,302000
250310,302000
250311,302000
250312,302000
250313,302000
250314,302000
250315,302000
250316,302000
250317,302000
250318,302000
250319,302000
250320,302000
250321,302000
250322,302000
250323,302000
250324,302000
250325,302000
250326,302000
250327,302000
250328,302000
250329,302000
250330,302000
250331,302000
250401,302000
250402,303000
250403,303000
250404,303000
250405,303000
250406,303000
250407,303000
250408,303000
250409,303000
250410,303000
250411,303000
250412,303000
250413,303000
250414,303000
250415,303000
250416,303000
250417,303000
250418,303000
250419,303000
250420,303000
250421,303000
250422,303000
250423,303000
250424,303000
250425,303000
250426,303000
250427,303000
250428,303000
250429,303000
250430,303000
250502,303000
250503,303000
250504,303000
250505,303000
250506,303000
250507,303000
250508,303000
250509,303000
250510,303000
250511,303000
250512,303000
250513,303000
250514,303000
250515,303000
250516,303000
250517,303000
250518,303000
250519,303000
250520,303000
250521,303000
250522,304000
250523,304000
250524,304000
250525,304000
250602,304000
250603,304000
250605,304000
250606,305000
250607,305000
250610,305000
250611,305000
250612,305000
250613,305000
250614,305000
250615,305000
250616,305000
250617,305000
250618,305000
250619,305000
250620,305000
250621,305000
250622,305000
250623,305000
250624,305000
250627,305000
250628,306000
250629,306000
250630,306000
250701,306000
250702,306000
250703,306000
250704,306000
250705,306000
250706,306000
250707,306000
250708,306000
250709,306000
250720,306000
250721,307000
250722,307000
250723,307000
250724,307000
250725,307000
250726,307000
250727,307000
250728,307000
250729,307000
250730,307000
250731,307000
250801,307000
250802,307000
250803,307000
250804,307000
250805,307000
250806,307000
250807,308000
250808,308000
250809,308000
250810,308000
250811,308000
250812,308000
250813,308000
250814,308000
250815,308000
250816,308000
250817,308000
250818,309000
250819,309000
250820,309000
250821,309000
250822,309000
250823,309000
250824,309000
250825,309000
250826,309000
250827,309000
250828,309000
250829,309000
250830,309000
250831,309000
250901,309000
250902,309000
250903,309000
250904,309000
250905,309000
250906,309000
250907,309000
250908,309000
250909,310000
250910,310000
250911,310000
250912,310000
250913,310000
250914,310000
250915,310000
250916,310000
250917,310000
250918,310000
250919,310000
250920,310000
250921,310000
250922,310000
250923,310000
250924,310000
250925,311000
250926,311000
250927,311000
250928,311000
250929,311000
250930,311000
251001,311000
251004,311000
251005,311000
251006,311000
251007,311000
251008,311000
251009,311000
251010,311000
251011,311000
251013,311000
251014,311000
251015,311000
251016,311000
251017,311000
251018,311000
251019,311000
251020,312000
251021,312000
251022,312000
251023,312000
251024,312000
251025,312000
251026,312000
251027,312000
251028,312000
251029,312000
251030,312000
251031,312000
251101,312000
251102,312000
251103,312000
251104,312000
251105,312000
251106,312000
251107,312000
251108,312000
251109,312000
251110,312000
251111,312000
251112,312000
251113,312000
251114,312000
251115,312000
251116,312000
251117,312000
251118,312000
251119,312000
251120,312000
251121,312000
251122,312000
251123,312000
251124,312000
251125,312000
251126,312000
251127,312000
251128,312000
251129,312000
251130,312000
251201,313000
251202,313000
251203,313000
251204,313000
251205,313000
251206,313000
251207,313000
251208,313000
251209,313000
251210,313000
251211,313000
251212,313000
251213,313000
251214,313000
251217,313000
251218,313000
251219,313000
251220,313000
251221,313000
251222,313000
251223,313000
251224,313000
251225,313000
251226,313000
251227,313000
251228,313000
251229,313000
251230,313000
251231,313000
260101,313000
260104,313000
260105,314000
260106,314000
260107,314000
260108,314000
260109,314000
260110,314000
260111,314000
260112,314000
260113,314000
260114,314000
260115,314000
260116,314000
260117,314000
260118,314000
260119,314000
260120,314000
260121,314000
260124,314000
260125,314000
260126,314000
260127,314000
260128,314000
260129,314000
260130,314000
260131,314000
260201,314000
260204,314000
260205,314000
260206,314000
260207,314000
260208,314000
260209,314000
260210,314000
260211,314000
260212,314000
260213,314000
260214,314000
260215,314000
260216,314000
260217,314000
260218,314000
260219,314000
260220,314000
260221,314000
260222,314000
260223,314000
260224,314000
260225,314000
260226,314000
260227,314000
260228,314000
260301,314000
260302,314000
260303,314000
260304,314000
260305,314000
260306,314000
260307,314000
260308,314000
260309,314000
260310,314000
260311,314000
260312,314000
260313,314000
260316,314000
260317,315000
260318,315000
260319,315000
260320,315000
260321,315000
260322,315000
260323,315000
260324,315000
260325,315000
260328,315000
260329,315000
260330,315000
260331,315000
260401,315000
260402,315000
260403,315000
260404,315000
260405,315000
260406,315000
260407,315000
260408,315000
260409,315000
260410,315000
260411,315000
260412,315000
260413,315000
260414,315000
260415,316000
260416,316000
260417,316000
260418,316000
260419,316000
260420,316000
260421,316000
260422,316000
260423,316000
260424,316000
260425,317000
260426,317000
260427,317000
260428,317000
260429,317000
260430,317000
260501,317000
260502,317000
260503,317000
260504,317000
260505,317000
260506,317000
260507,317000
260508,317000
260511,317000
260512,317000
260515,317000
260516,317000
260517,317000
260518,317000
260519,317000
260520,317000
260521,317000
260522,317000
260523,317000
260524,317000
260525,317000
260526,317000
260527,317000
260528,317000
260531,322000
260601,324000
260602,325000
260603,325000
260604,325000
260605,325000
260606,325000
260607,325000
260608,325000
260609,325000
260610,325000
260611,325000
260612,325000
260613,325000
260614,326000
260615,326000
260616,326000
260617,326000
260618,326000
260619,326000
260620,326000
260621,326000
260622,326000
260623,326000
260624,326000
260625,326000
260626,326000
260627,326000
260628,326000
260629,326000
260630,326000
260701,326000
260702,326000
260703,326000
260704,326000
260705,326000
260706,326000
260707,326000
260708,326000
260709,326000
260710,326000
260711,326000
260712,326000
260713,326000
260714,326000
260715,326000
260716,326000
260717,326000
260718,326000
260719,326000
260720,327000
260721,327000
260722,327000
260723,327000
260724,328000
260725,328000
260726,328000
260727,328000
260728,328000
260729,328000
260730,329000
260731,330000
260801,330000
260802,330000
260803,330000
260804,330000
260805,330000
260806,330000
260807,331000
260808,331000
260809,331000
260810,331000
260811,331000
260812,331000
260813,332000
260814,332000
260815,332000
260816,332000
260817,332000
260818,332000
260819,332000
260820,332000
260821,332000
260822,332000
260823,332000
260824,332000
260825,332000
260826,332000
260827,332000
