220528,395000
220529,488000
220530,583000
220531,651000
220601,714000
220603,811000
220604,854000
220605,895000
220606,938000
220608,1040000
220612,1210000
220616,1280000
220621,1330000
220625,1360000
220627,1380000
220701,1400000
220704,1420000
220706,1430000
220711,1470000
220719,1500000
220728,1520000
220814,1560000
220826,1590000
220901,1610000
220916,1630000
220926,1650000
221001,1650000
221024,1670000
221030,1680000
221101,1680000
221107,1690000
221114,1690000
221201,1690000
221212,1690000
221213,1690000
221221,1700000
221226,1700000
230101,1700000
230109,1710000
230111,1710000
230116,1710000
230120,1710000
230121,1710000
230124,1710000
230130,1720000
230201,1720000
230213,1730000
230301,1740000
230318,1740000
230321,1740000
230322,1740000
230327,1740000
230401,1740000
230403,1740000
230411,1740000
230417,1740000
230424,1740000
230501,1740000
230512,1740000
230515,1740000
230522,1750000
230601,1760000
230605,1760000
230613,1760000
230629,1760000
230701,1760000
230703,1760000
230710,1760000
230714,1760000
230724,1770000
230731,1770000
230801,1770000
230828,1780000
230901,1780000
231001,1790000
231101,1790000
231113,1790000
231120,1790000
231201,1790000
240101,1800000
240528,1810000
240529,1810000
240530,1810000
240531,1810000
240601,1810000
240602,1810000
240603,1810000
240604,1810000
240605,1810000
240606,1810000
240607,1810000
240608,1810000
240609,1810000
240610,1810000
240611,1810000
240612,1810000
240613,1810000
240614,1810000
240615,1810000
240616,1810000
240617,1810000
240618,1810000
240619,1810000
240620,1810000
240621,1810000
240622,1810000
240623,1810000
240624,1810000
240625,1810000
240626,1810000
240627,1810000
240628,1810000
240629,1810000
240630,1810000
240701,1810000
240702,1810000
240703,1810000
240704,1810000
240705,1810000
240706,1810000
240707,1810000
240708,1810000
240709,1810000
240710,1810000
240711,1810000
240712,1810000
240713,1810000
240714,1810000
240715,1810000
240716,1810000
240717,1810000
240718,1810000
240719,1810000
240720,1810000
240721,1810000
240722,1810000
240723,1810000
240724,1810000
240725,1810000
240726,1810000
240727,1810000
240728,1810000
240729,1810000
240730,1810000
240731,1810000
240801,1810000
240802,1810000
240803,1810000
240804,1810000
240805,1810000
240806,1810000
240807,1810000
240808,1810000
240809,1810000
240810,1810000
240811,1810000
240812,1810000
240813,1810000
240814,1810000
240815,1810000
240816,1810000
240817,1810000
240818,1810000
240819,1810000
240820,1810000
240821,1810000
240822,1810000
240823,1810000
240824,1810000
240825,1810000
240826,1810000
240827,1810000
240828,1810000
240829,1810000
240830,1810000
240831,1810000
240901,1810000
240902,1810000
240903,1810000
240904,1810000
240905,1810000
240906,1810000
240907,1810000
240908,1810000
240909,1810000
240910,1810000
240911,1810000
240912,1810000
240913,1810000
240914,1810000
240915,1810000
240916,1810000
240917,1810000
240918,1810000
240919,1810000
240920,1810000
240921,1810000
240922,1810000
240923,1810000
240924,1810000
240925,1810000
240926,1810000
240927,1810000
240928,1810000
240929,1810000
240930,1810000
241001,1810000
241002,1810000
241003,1810000
241004,1810000
241005,1810000
241006,1810000
241007,1810000
241008,1810000
241009,1810000
241010,1810000
241011,1810000
241012,1810000
241013,1810000
241014,1810000
241015,1810000
241016,1810000
241017,1810000
241018,1810000
241019,1810000
241020,1810000
241021,1810000
241022,1810000
241023,1810000
241024,1810000
241025,1810000
241026,1810000
241027,1810000
241028,1810000
241029,1810000
241030,1810000
241031,1810000
241101,1810000
241102,1810000
241103,1810000
241104,1810000
241105,1810000
241106,1810000
241107,1810000
241108,1810000
241109,1810000
241110,1810000
241111,1810000
241112,1810000
241113,1810000
241114,1810000
241115,1810000
241116,1810000
241117,1810000
241118,1810000
241119,1810000
241120,1810000
241121,1810000
241122,1810000
241123,1810000
241124,1810000
241125,1810000
241126,1810000
241127,1810000
241128,1810000
241129,1810000
241130,1810000
241201,1810000
241202,1810000
241203,1810000
241204,1810000
241205,1810000
241206,1810000
241207,1810000
241208,1810000
241209,1810000
241210,1810000
241211,1810000
241212,1810000
241213,1810000
241214,1810000
241215,1810000
241216,1810000
241217,1810000
241218,1810000
241219,1810000
241220,1810000
241221,1810000
241222,1810000
241223,1810000
241224,1810000
241225,1810000
241226,1810000
241227,1810000
241228,1810000
241229,1810000
241230,1810000
241231,1810000
250101,1810000
250102,1810000
250103,1810000
250104,1810000
250105,1810000
250106,1810000
250107,1810000
250108,1810000
250109,1810000
250110,1810000
250111,1810000
250112,1810000
250113,1810000
250114,1810000
250115,1810000
250116,1810000
250117,1810000
250118,1810000
250119,1810000
250120,1810000
250121,1810000
250122,1810000
250123,1810000
250124,1810000
250125,1810000
250126,1810000
250127,1810000
250128,1810000
250129,1810000
250130,1810000
250131,1810000
250201,1810000
250202,1810000
250203,1810000
250204,1810000
250205,1810000
250206,1810000
250207,1810000
250208,1810000
250209,1810000
250210,1810000
250211,1810000
250212,1810000
250213,1810000
250214,1810000
250215,1810000
250216,1810000
250217,1810000
250218,1810000
250219,1810000
250220,1810000
250221,1810000
250222,1810000
250223,1810000
250224,1810000
250225,1810000
250226,1810000
250227,1810000
250228,1810000
250301,1810000
250302,1810000
250303,1810000
250304,1810000
250305,1810000
250306,1810000
250307,1810000
250308,1810000
250309,1810000
250310,1810000
250311,1810000
250312,1810000
250313,1810000
250314,1810000
250315,1810000
250316,1810000
250317,1810000
250318,1810000
250319,1810000
250320,1810000
250321,1810000
250322,1810000
250323,1810000
250324,1810000
250325,1810000
250326,1810000
250327,1810000
250328,1810000
250329,1810000
250330,1810000
250331,1810000
250401,1810000
250402,1810000
250403,1810000
250404,1810000
250405,1810000
250406,1810000
250407,1810000
250408,1810000
250409,1810000
250410,1810000
250411,1810000
250412,1810000
250413,1810000
250414,1810000
250415,1810000
250416,1810000
250417,1810000
250418,1810000
250419,1810000
250420,1810000
250421,1810000
250422,1810000
250423,1810000
250424,1810000
250425,1810000
250426,1810000
250427,1810000
250428,1810000
250429,1810000
250430,1810000
250502,1810000
250503,1810000
250504,1810000
250505,1810000
250506,1810000
250507,1810000
250508,1810000
250509,1810000
250510,1810000
250511,1810000
250512,1810000
250513,1810000
250514,1810000
250515,1810000
250516,1810000
250517,1810000
250518,1810000
250519,1810000
250520,1810000
250521,1810000
250522,1810000
250523,1810000
250524,1810000
250525,1810000
250602,1810000
250603,1810000
250605,1810000
250606,1810000
250607,1810000
250610,1810000
250611,1810000
250612,1810000
250613,1810000
250614,1810000
250615,1810000
250616,1810000
250617,1810000
250618,1810000
250619,1810000
250620,1810000
250621,1810000
250622,1810000
250623,1810000
250624,1810000
250627,1810000
250628,1810000
250629,1810000
250630,1810000
250701,1810000
250702,1810000
250703,1810000
250704,1810000
250705,1810000
250706,1810000
250707,1810000
250708,1810000
250709,1810000
250720,1810000
250721,1810000
250722,1810000
250723,1810000
250724,1810000
250725,1810000
250726,1810000
250727,1810000
250728,1810000
250729,1810000
250730,1810000
250731,1810000
250801,1810000
250802,1810000
250803,1810000
250804,1810000
250805,1810000
250806,1810000
250807,1810000
250808,1810000
250809,1810000
250810,1810000
250811,1810000
250812,1810000
250813,1810000
250814,1810000
250815,1810000
250816,1810000
250817,1810000
250818,1810000
250819,1810000
250820,1810000
250821,1810000
250822,1810000
250823,1810000
250824,1810000
250825,1810000
250826,1810000
250827,1810000
250828,1810000
250829,1810000
250830,1810000
250831,1810000
250901,1810000
250902,1810000
250903,1810000
250904,1810000
250905,1810000
250906,1810000
250907,1810000
250908,1810000
250909,1820000
250910,1820000
250911,1820000
250912,1820000
250913,1820000
250914,1820000
250915,1820000
250916,1820000
250917,1820000
250918,1820000
250919,1820000
250920,1810000
250921,1810000
250922,1820000
250923,1820000
250924,1820000
250925,1820000
250926,1820000
250927,1820000
250928,1820000
250929,1820000
250930,1820000
251001,1820000
251004,1820000
251005,1820000
251006,1820000
251007,1820000
251008,1820000
251009,1820000
251010,1820000
251011,1820000
251013,1820000
251014,1820000
251015,1820000
251016,1820000
251017,1820000
251018,1820000
251019,1820000
251020,1820000
251021,1820000
251022,1820000
251023,1820000
251024,1820000
251025,1820000
251026,1820000
251027,1820000
251028,1820000
251029,1820000
251030,1820000
251031,1820000
251101,1820000
251102,1820000
251103,1820000
251104,1820000
251105,1820000
251106,1820000
251107,1820000
251108,1820000
251109,1820000
251110,1820000
251111,1820000
251112,1820000
251113,1820000
251114,1820000
251115,1820000
251116,1820000
251117,1820000
251118,1820000
251119,1820000
251120,1820000
251121,1820000
251122,1820000
251123,1820000
251124,1820000
251125,1820000
251126,1820000
251127,1820000
251128,1820000
251129,1820000
251130,1820000
251201,1820000
251202,1820000
251203,1820000
251204,1820000
251205,1820000
251206,1820000
251207,1820000
251208,1820000
251209,1820000
251210,1820000
251211,1820000
251212,1820000
251213,1820000
251214,1820000
251217,1820000
251218,1820000
251219,1820000
251220,1820000
251221,1820000
251222,1820000
251223,1820000
251224,1820000
251225,1820000
251226,1820000
251227,1820000
251228,1820000
251229,1820000
251230,1820000
251231,1820000
260101,1820000
260104,1820000
260105,1820000
260106,1820000
260107,1820000
260108,1820000
260109,1820000
260110,1820000
260111,1820000
260112,1820000
260113,1820000
260114,1820000
260115,1820000
260116,1820000
260117,1820000
260118,1820000
260119,1820000
260120,1820000
260121,1820000
260124,1820000
260125,1810000
260126,1810000
260127,1810000
260128,1810000
260129,1810000
260130,1810000
260131,1810000
260201,1810000
260204,1810000
260205,1810000
260206,1810000
260207,1810000
260208,1810000
260209,1810000
260210,1810000
260211,1810000
260212,1810000
260213,1810000
260214,1810000
260215,1810000
260216,1810000
260217,1810000
260218,1810000
260219,1810000
260220,1810000
260221,1810000
260222,1810000
260223,1810000
260224,1810000
260225,1810000
260226,1810000
260227,1810000
260228,1810000
260301,1810000
260302,1810000
260303,1810000
260304,1810000
260305,1810000
260306,1810000
260307,1810000
260308,1810000
260309,1810000
260310,1810000
260311,1810000
260312,1810000
260313,1810000
260316,1810000
260317,1810000
260318,1810000
260319,1810000
260320,1810000
260321,1810000
260322,1810000
260323,1810000
260324,1810000
260325,1810000
260328,1810000
260329,1810000
260330,1810000
260331,1810000
260401,1810000
260402,1810000
260403,1810000
260404,1810000
260405,1810000
260406,1810000
260407,1810000
260408,1810000
260409,1810000
260410,1810000
260411,1810000
260412,1810000
260413,1810000
260414,1810000
260415,1810000
260416,1810000
260417,1810000
260418,1810000
260419,1810000
260420,1810000
260421,1810000
260422,1810000
260423,1810000
260424,1810000
260425,1810000
260426,1810000
260427,1810000
260428,1810000
260429,1810000
260430,1810000
260501,1810000
260502,1810000
260503,1810000
260504,1810000
260505,1800000
260506,1800000
260507,1800000
260508,1800000
260511,1800000
260512,1800000
260515,1800000
260516,1800000
260517,1800000
260518,1800000
260519,1800000
260520,1800000
260521,1800000
260522,1800000
260523,1800000
260524,1800000
260525,1800000
260526,1800000
260527,1800000
260528,1800000
260531,1800000
260601,1800000
260602,1800000
260603,1800000
260604,1800000
260605,1800000
260606,1800000
260607,1800000
260608,1800000
260609,1800000
260610,1800000
260611,1800000
260612,1800000
260613,1800000
260614,1800000
260615,1800000
260616,1800000
260617,1800000
260618,1800000
260619,1800000
260620,1800000
260621,1800000
260622,1800000
260623,1800000
260624,1800000
260625,1800000
260626,1800000
260627,1800000
260628,1800000
260629,1800000
260630,1800000
260701,1800000
260702,1800000
260703,1800000
260704,1800000
260705,1800000
260706,1800000
260707,1800000
260708,1800000
260709,1800000
260710,1800000
260711,1800000
260712,1800000
260713,1800000
260714,1800000
260715,1800000
260716,1800000
260717,1800000
260718,1800000
260719,1800000
260720,1800000
260721,1800000
260722,1800000
260723,1800000
260724,1800000
260725,1800000
260726,1800000
260727,1800000
260728,1800000
260729,1800000
260730,1800000
260731,1800000
260801,1800000
260802,1800000
260803,1800000
260804,1800000
260805,1800000
260806,1800000
260807,1800000
260808,1800000
260809,1800000
260810,1800000
260811,1800000
260812,1800000
260813,1800000
260814,1800000
260815,1800000
260816,1800000
260817,1800000
260818,1800000
260819,1800000
260820,1800000
260821,1800000
260822,1800000
260823,1800000
260824,1800000
260825,1800000
260826,1800000
260827,1800000
260828,1800000
260829,1800000
260830,1800000
260831,1800000
260901,1800000
260902,1800000
260903,1800000
260904,1800000
260905,1800000
260906,1800000
260907,1800000
260908,1800000
260909,1800000
260910,1800000
260911,1800000
260912,1800000
260913,1800000
260914,1800000
260915,1800000
260916,1800000
260917,1800000
260918,1800000
260919,1800000
260920,1800000
260921,1800000
260922,1800000
260923,1800000
260924,1800000
260925,1800000
260926,1790000
260927,1790000
