190708,17407
190716,23742
190729,34102
190730,34905
190801,36082
190802,36946
190803,38738
190804,39192
190809,43029
190811,44946
190816,49590
190818,51305
190819,52493
190820,54829
190821,56107
190822,57025
190823,57837
190824,58668
190825,59665
190826,61041
190827,61671
190828,62406
190829,63327
190830,64177
190831,65172
190901,66019
190902,67204
190903,68377
190904,69444
190905,70704
190906,71830
190907,72618
190908,73366
190909,73959
190910,74804
190911,75633
190912,76803
190914,78183
190915,78678
190916,79881
190918,80744
190919,81200
190920,82100
190921,83000
190922,83500
190923,84300
190924,85400
190926,86500
190927,86800
190929,87400
190930,87800
191001,88300
191002,88900
191003,89300
191017,97400
191018,97700
191020,98700
191029,102000
191030,102000
191101,103000
191109,104000
191111,105000
191117,106000
191118,106000
191119,106000
191122,107000
191124,108000
191125,109000
191126,110000
191127,110000
191130,113000
191202,113000
191204,114000
191211,116000
191216,120000
191222,123000
191228,125000
191230,126000
191231,127000
200101,127000
200111,134000
200113,135000
200125,137000
200127,138000
200131,139000
200201,139000
200205,141000
200206,141000
200224,149000
200228,151000
200307,154000
200311,157000
200312,157000
200316,160000
200322,161000
200323,162000
200327,164000
200328,165000
200330,165000
200401,166000
200406,167000
200408,167000
200410,168000
200412,168000
200413,169000
200417,170000
200418,171000
200420,171000
200423,173000
200428,175000
200429,175000
200501,176000
200507,178000
200511,179000
200518,182000
200526,185000
200601,187000
200611,191000
200622,195000
200629,197000
200701,198000
200707,202000
200725,208000
200727,208000
200801,210000
200803,211000
200805,211000
200809,212000
200810,213000
200811,213000
200815,215000
200816,215000
200817,215000
200829,225000
200901,230000
200906,233000
200920,237000
200921,237000
200928,240000
201001,242000
201007,244000
201008,244000
201010,244000
201011,244000
201014,246000
201015,246000
210101,273000
210102,274000
210103,275000
210104,275000
210105,276000
210107,277000
210110,279000
210111,279000
210112,280000
210114,281000
210118,282000
210122,284000
210123,284000
210125,285000
210127,286000
210128,286000
210129,286000
210201,288000
210203,288000
210204,289000
210205,289000
210207,290000
210208,291000
210214,293000
210221,296000
210222,296000
210228,299000
210301,299000
210304,300000
210308,301000
210311,302000
210312,303000
210315,305000
210322,308000
210329,310000
210331,311000
210401,311000
210405,312000
210408,313000
210409,313000
210420,316000
210501,319000
210510,324000
210531,328000
210605,329000
210607,330000
210621,333000
210701,335000
210704,337000
210705,338000
210709,339000
210710,340000
210711,340000
210712,340000
210713,340000
210714,340000
210717,341000
210720,342000
210721,342000
210723,342000
210724,343000
210726,344000
210731,345000
210801,345000
210802,346000
210803,346000
210804,346000
210805,346000
210806,346000
210807,346000
210808,347000
210809,347000
210812,350000
210816,352000
210817,353000
210819,354000
210822,355000
210823,356000
210828,357000
210830,357000
210831,357000
210901,358000
210906,358000
210913,359000
210923,364000
210927,366000
211007,369000
211008,369000
211009,369000
211011,369000
211014,370000
211025,372000
211105,373000
211108,374000
211120,375000
211201,377000
211204,377000
211206,377000
211211,378000
211213,378000
211220,378000
220101,381000
220201,389000
220301,395000
220329,401000
220401,401000
220404,402000
220412,405000
220418,407000
220419,407000
220422,407000
220501,408000
220515,411000
220518,411000
220528,412000
220529,412000
220530,412000
220531,412000
220601,412000
220603,412000
220604,412000
220605,413000
220606,413000
220608,413000
220612,413000
220616,413000
220621,414000
220625,414000
220627,414000
220701,415000
220704,417000
220706,418000
220711,419000
220719,420000
220728,421000
220814,424000
220826,426000
220901,427000
220916,428000
220926,428000
221001,428000
221024,433000
221030,433000
221101,433000
221107,434000
221114,434000
221201,436000
221212,436000
221213,436000
221221,437000
221226,438000
230101,440000
230109,441000
230111,441000
230116,442000
230120,442000
230121,442000
230124,443000
230130,443000
230201,443000
230213,445000
230301,446000
230318,447000
230321,448000
230322,448000
230327,448000
230401,449000
230403,451000
230411,451000
230417,451000
230424,458000
230501,465000
230512,470000
230515,471000
230522,472000
230601,473000
230605,474000
230613,476000
230629,479000
230701,479000
230703,479000
230710,481000
230714,481000
230724,483000
230731,483000
230801,483000
230828,485000
230901,485000
231001,488000
231101,490000
231113,492000
231120,492000
231201,494000
240101,496000
240528,509000
240529,509000
240530,509000
240531,509000
240601,509000
240602,509000
240603,509000
240604,509000
240605,509000
240606,509000
240607,509000
240608,509000
240609,509000
240610,509000
240611,509000
240612,509000
240613,509000
240614,510000
240615,510000
240616,510000
240617,510000
240618,510000
240619,510000
240620,510000
240621,511000
240622,511000
240623,511000
240624,511000
240625,511000
240626,511000
240627,511000
240628,511000
240629,511000
240630,511000
240701,511000
240702,511000
240703,511000
240704,512000
240705,512000
240706,512000
240707,513000
240708,513000
240709,513000
240710,513000
240711,513000
240712,514000
240713,515000
240714,516000
240715,519000
240716,519000
240717,520000
240718,520000
240719,520000
240720,520000
240721,521000
240722,521000
240723,521000
240724,521000
240725,521000
240726,521000
240727,521000
240728,521000
240729,521000
240730,522000
240731,522000
240801,522000
240802,522000
240803,522000
240804,522000
240805,522000
240806,522000
240807,522000
240808,522000
240809,523000
240810,523000
240811,523000
240812,523000
240813,523000
240814,523000
240815,523000
240816,523000
240817,523000
240818,523000
240819,523000
240820,523000
240821,523000
240822,523000
240823,524000
240824,524000
240825,524000
240826,524000
240827,524000
240828,524000
240829,524000
240830,524000
240831,524000
240901,524000
240902,524000
240903,524000
240904,524000
240905,524000
240906,524000
240907,525000
240908,525000
240909,525000
240910,525000
240911,526000
240912,526000
240913,526000
240914,526000
240915,526000
240916,527000
240917,527000
240918,528000
240919,528000
240920,529000
240921,529000
240922,529000
240923,529000
240924,530000
240925,530000
240926,530000
240927,530000
240928,530000
240929,531000
240930,531000
241001,531000
241002,531000
241003,531000
241004,532000
241005,532000
241006,532000
241007,532000
241008,532000
241009,532000
241010,532000
241011,532000
241012,532000
241013,532000
241014,532000
241015,532000
241016,532000
241017,532000
241018,532000
241019,532000
241020,533000
241021,533000
241022,533000
241023,533000
241024,533000
241025,533000
241026,533000
241027,533000
241028,533000
241029,534000
241030,534000
241031,534000
241101,534000
241102,534000
241103,534000
241104,534000
241105,534000
241106,534000
241107,534000
241108,534000
241109,534000
241110,534000
241111,535000
241112,535000
241113,535000
241114,535000
241115,535000
241116,535000
241117,535000
241118,535000
241119,535000
241120,535000
241121,535000
241122,535000
241123,535000
241124,535000
241125,535000
241126,535000
241127,535000
241128,536000
241129,536000
241130,536000
241201,536000
241202,536000
241203,537000
241204,540000
241205,540000
241206,541000
241207,541000
241208,541000
241209,541000
241210,541000
241211,541000
241212,541000
241213,541000
241214,541000
241215,541000
241216,541000
241217,541000
241218,541000
241219,541000
241220,541000
241221,541000
241222,541000
241223,542000
241224,542000
241225,542000
241226,543000
241227,543000
241228,543000
241229,543000
241230,543000
241231,543000
250101,543000
250102,544000
250103,544000
250104,547000
250105,547000
250106,548000
250107,548000
250108,548000
250109,548000
250110,548000
250111,548000
250112,549000
250113,549000
250114,549000
250115,549000
250116,549000
250117,549000
250118,549000
250119,549000
250120,549000
250121,549000
250122,549000
250123,549000
250124,550000
250125,550000
250126,550000
250127,550000
250128,550000
250129,550000
250130,550000
250131,550000
250201,550000
250202,550000
250203,550000
250204,550000
250205,550000
250206,550000
250207,550000
250208,550000
250209,550000
250210,550000
250211,550000
250212,550000
250213,550000
250214,550000
250215,550000
250216,551000
250217,551000
250218,551000
250219,551000
250220,551000
250221,551000
250222,551000
250223,551000
250224,551000
250225,551000
250226,551000
250227,551000
250228,552000
250301,552000
250302,552000
250303,552000
250304,552000
250305,552000
250306,552000
250307,552000
250308,552000
250309,552000
250310,552000
250311,552000
250312,552000
250313,552000
250314,552000
250315,552000
250316,552000
250317,552000
250318,552000
250319,552000
250320,552000
250321,552000
250322,552000
250323,552000
250324,553000
250325,553000
250326,553000
250327,553000
250328,553000
250329,553000
250330,553000
250331,553000
250401,553000
250402,554000
250403,554000
250404,554000
250405,554000
250406,554000
250407,554000
250408,554000
250409,554000
250410,554000
250411,555000
250412,555000
250413,555000
250414,555000
250415,555000
250416,555000
250417,555000
250418,555000
250419,555000
250420,555000
250421,555000
250422,555000
250423,555000
250424,555000
250425,555000
250426,555000
250427,555000
250428,556000
250429,556000
250430,556000
250502,556000
250503,556000
250504,557000
250505,557000
250506,557000
250507,558000
250508,558000
250509,558000
250510,558000
250511,559000
250512,559000
250513,560000
250514,560000
250515,560000
250516,561000
250517,561000
250518,561000
250519,562000
250520,562000
250521,562000
250522,562000
250523,563000
250524,563000
250525,563000
250602,564000
250603,564000
250605,564000
250606,564000
250607,564000
250610,565000
250611,565000
250612,565000
250613,565000
250614,565000
250615,565000
250616,566000
250617,566000
250618,566000
250619,566000
250620,566000
250621,566000
250622,566000
250623,566000
250624,566000
250627,566000
250628,566000
250629,566000
250630,566000
250701,566000
250702,567000
250703,567000
250704,567000
250705,567000
250706,567000
250707,569000
250708,569000
250709,570000
250720,571000
250721,571000
250722,571000
250723,571000
250724,572000
250725,572000
250726,572000
250727,572000
250728,573000
250729,573000
250730,573000
250731,573000
250801,574000
250802,574000
250803,575000
250804,575000
250805,575000
250806,575000
250807,575000
250808,576000
250809,576000
250810,576000
250811,576000
250812,576000
250813,576000
250814,577000
250815,577000
250816,577000
250817,577000
250818,577000
250819,577000
250820,577000
250821,577000
250822,577000
250823,577000
250824,577000
250825,577000
250826,578000
250827,578000
250828,578000
250829,578000
250830,578000
250831,578000
250901,578000
250902,578000
250903,578000
250904,578000
250905,578000
250906,578000
250907,578000
250908,579000
250909,579000
250910,579000
250911,579000
250912,579000
250913,579000
250914,579000
250915,579000
250916,579000
250917,579000
250918,579000
250919,579000
250920,579000
250921,579000
250922,579000
250923,579000
250924,579000
250925,579000
250926,579000
250927,579000
250928,579000
250929,579000
250930,579000
251001,579000
251004,579000
251005,579000
251006,579000
251007,579000
251008,579000
251009,579000
251010,580000
251011,580000
251013,580000
251014,580000
251015,580000
251016,580000
251017,580000
251018,580000
251019,580000
251020,580000
251021,580000
251022,580000
251023,580000
251024,580000
251025,580000
251026,580000
251027,580000
251028,580000
251029,580000
251030,580000
251031,581000
251101,581000
251102,581000
251103,581000
251104,581000
251105,581000
251106,581000
251107,581000
251108,581000
251109,582000
251110,582000
251111,582000
251112,582000
251113,582000
251114,582000
251115,582000
251116,582000
251117,582000
251118,582000
251119,582000
251120,582000
251121,582000
251122,582000
251123,582000
251124,582000
251125,582000
251126,582000
251127,583000
251128,583000
251129,583000
251130,583000
251201,583000
251202,583000
251203,583000
251204,583000
251205,583000
251206,583000
251207,583000
251208,583000
251209,584000
251210,584000
251211,584000
251212,585000
251213,585000
251214,585000
251217,585000
251218,586000
251219,586000
251220,586000
251221,586000
251222,586000
251223,586000
251224,586000
251225,586000
251226,586000
251227,586000
251228,586000
251229,586000
251230,587000
251231,587000
260101,587000
260104,587000
260105,590000
260106,590000
260107,590000
260108,590000
260109,590000
260110,591000
260111,591000
260112,591000
260113,591000
260114,591000
260115,591000
260116,591000
260117,591000
260118,591000
260119,592000
260120,592000
260121,592000
260124,592000
260125,593000
260126,593000
260127,593000
260128,593000
260129,594000
260130,594000
260131,594000
260201,594000
260204,594000
260205,594000
260206,594000
260207,594000
260208,594000
260209,594000
260210,594000
260211,594000
260212,594000
260213,594000
260214,594000
260215,594000
260216,594000
260217,594000
260218,594000
260219,594000
260220,594000
260221,594000
260222,594000
260223,594000
260224,594000
260225,594000
260226,594000
260227,594000
260228,594000
260301,595000
260302,595000
260303,595000
260304,595000
260305,595000
260306,595000
260307,595000
260308,595000
260309,595000
260310,595000
260311,595000
260312,595000
260313,595000
260316,595000
260317,596000
260318,596000
260319,596000
260320,596000
260321,596000
260322,596000
260323,596000
260324,596000
260325,596000
260328,596000
260329,596000
260330,596000
260331,597000
260401,597000
260402,597000
260403,597000
260404,597000
260405,597000
260406,597000
260407,597000
260408,597000
260409,597000
260410,597000
260411,597000
260412,597000
260413,597000
260414,597000
260415,597000
260416,597000
260417,597000
260418,597000
260419,597000
260420,597000
260421,597000
260422,597000
260423,597000
260424,597000
260425,598000
260426,598000
260427,598000
260428,598000
260429,598000
260430,598000
260501,598000
260502,598000
260503,599000
260504,599000
260505,599000
260506,600000
260507,600000
260508,600000
260511,600000
260512,600000
260515,600000
260516,600000
260517,601000
260518,601000
260519,601000
260520,601000
260521,601000
260522,601000
260523,601000
260524,601000
260525,602000
260526,602000
260527,602000
260528,602000
260531,602000
260601,602000
260602,602000
260603,602000
260604,602000
260605,602000
260606,602000
260607,602000
260608,602000
260609,602000
260610,602000
260611,602000
260612,602000
260613,602000
260614,602000
260615,602000
260616,602000
260617,602000
260618,602000
260619,602000
260620,602000
260621,602000
260622,602000
260623,602000
260624,602000
260625,602000
260626,602000
260627,602000
260628,602000
260629,602000
260630,602000
260701,602000
260702,602000
260703,602000
260704,602000
260705,603000
260706,603000
260707,603000
260708,603000
260709,603000
260710,603000
260711,603000
260712,603000
260713,603000
260714,603000
260715,603000
260716,603000
260717,603000
260718,603000
260719,603000
260720,603000
260721,603000
260722,603000
260723,603000
260724,603000
260725,603000
260726,603000
260727,603000
260728,603000
260729,603000
260730,603000
260731,603000
260801,603000
260802,604000
