230512,40800
230515,43000
230522,47700
230601,52600
230605,54300
230613,55800
230629,58900
230701,59500
230703,60300
230710,63000
230714,64300
230724,66600
230731,67700
230801,67800
230828,75100
230901,75800
231001,81600
231101,89200
231113,98300
231120,101000
231201,105000
240101,114000
240528,155000
240529,156000
240530,156000
240531,156000
240601,157000
240602,157000
240603,158000
240604,158000
240605,158000
240606,159000
240607,159000
240608,160000
240609,160000
240610,161000
240611,161000
240612,161000
240613,162000
240614,162000
240615,162000
240616,163000
240617,164000
240618,165000
240619,167000
240620,168000
240621,169000
240622,171000
240623,174000
240624,178000
240625,180000
240626,183000
240627,185000
240628,186000
240629,187000
240630,189000
240701,191000
240702,192000
240703,193000
240704,194000
240705,195000
240706,196000
240707,197000
240708,198000
240709,200000
240710,200000
240711,201000
240712,202000
240713,202000
240714,203000
240715,204000
240716,205000
240717,205000
240718,206000
240719,207000
240720,207000
240721,208000
240722,208000
240723,209000
240724,210000
240725,210000
240726,211000
240727,211000
240728,212000
240729,213000
240730,213000
240731,214000
240801,214000
240802,215000
240803,216000
240804,216000
240805,217000
240806,218000
240807,218000
240808,219000
240809,219000
240810,220000
240811,220000
240812,221000
240813,221000
240814,222000
240815,222000
240816,223000
240817,224000
240818,225000
240819,225000
240820,226000
240821,226000
240822,227000
240823,227000
240824,228000
240825,229000
240826,229000
240827,230000
240828,230000
240829,231000
240830,231000
240831,231000
240901,232000
240902,232000
240903,233000
240904,233000
240905,233000
240906,234000
240907,234000
240908,234000
240909,235000
240910,235000
240911,235000
240912,236000
240913,236000
240914,236000
240915,237000
240916,237000
240917,238000
240918,238000
240919,239000
240920,239000
240921,239000
240922,240000
240923,241000
240924,241000
240925,241000
240926,242000
240927,242000
240928,243000
240929,243000
240930,244000
241001,244000
241002,244000
241003,245000
241004,245000
241005,245000
241006,246000
241007,246000
241008,247000
241009,247000
241010,248000
241011,248000
241012,249000
241013,249000
241014,250000
241015,251000
241016,251000
241017,252000
241018,252000
241019,252000
241020,252000
241021,253000
241022,253000
241023,254000
241024,254000
241025,254000
241026,255000
241027,255000
241028,255000
241029,256000
241030,256000
241031,256000
241101,257000
241102,257000
241103,257000
241104,258000
241105,258000
241106,259000
241107,259000
241108,259000
241109,259000
241110,260000
241111,260000
241112,261000
241113,261000
241114,261000
241115,262000
241116,262000
241117,262000
241118,263000
241119,263000
241120,264000
241121,264000
241122,265000
241123,265000
241124,265000
241125,267000
241126,267000
241127,268000
241128,268000
241129,269000
241130,269000
241201,269000
241202,270000
241203,271000
241204,273000
241205,273000
241206,274000
241207,275000
241208,275000
241209,276000
241210,277000
241211,277000
241212,278000
241213,278000
241214,279000
241215,279000
241216,280000
241217,280000
241218,281000
241219,281000
241220,282000
241221,282000
241222,282000
241223,283000
241224,283000
241225,284000
241226,284000
241227,285000
241228,285000
241229,286000
241230,286000
241231,287000
250101,287000
250102,288000
250103,288000
250104,289000
250105,289000
250106,290000
250107,291000
250108,291000
250109,292000
250110,292000
250111,293000
250112,293000
250113,294000
250114,294000
250115,294000
250116,295000
250117,295000
250118,295000
250119,296000
250120,296000
250121,297000
250122,297000
250123,296000
250124,297000
250125,297000
250126,297000
250127,297000
250128,298000
250129,298000
250130,298000
250131,298000
250201,299000
250202,299000
250203,299000
250204,300000
250205,300000
250206,300000
250207,300000
250208,300000
250209,301000
250210,301000
250211,301000
250212,301000
250213,302000
250214,302000
250215,303000
250216,303000
250217,304000
250218,304000
250219,304000
250220,305000
250221,305000
250222,305000
250223,305000
250224,306000
250225,308000
250226,308000
250227,309000
250228,310000
250301,310000
250302,311000
250303,312000
250304,312000
250305,313000
250306,313000
250307,314000
250308,315000
250309,315000
250310,316000
250311,316000
250312,317000
250313,317000
250314,318000
250315,319000
250316,320000
250317,321000
250318,322000
250319,322000
250320,323000
250321,323000
250322,324000
250323,324000
250324,325000
250325,325000
250326,326000
250327,326000
250328,327000
250329,327000
250330,328000
250331,329000
250401,330000
250402,330000
250403,331000
250404,331000
250405,332000
250406,333000
250407,333000
250408,333000
250409,334000
250410,334000
250411,335000
250412,341000
250413,344000
250414,345000
250415,346000
250416,346000
250417,347000
250418,348000
250419,348000
250420,348000
250421,349000
250422,349000
250423,349000
250424,350000
250425,350000
250426,350000
250427,351000
250428,352000
250429,352000
250430,353000
250502,353000
250503,354000
250504,356000
250505,357000
250506,358000
250507,359000
250508,360000
250509,360000
250510,360000
250511,361000
250512,361000
250513,362000
250514,362000
250515,362000
250516,363000
250517,363000
250518,364000
250519,364000
250520,364000
250521,365000
250522,365000
250523,365000
250524,366000
250525,366000
250602,370000
250603,372000
250605,374000
250606,375000
250607,376000
250610,378000
250611,378000
250612,378000
250613,379000
250614,379000
250615,380000
250616,381000
250617,381000
250618,382000
250619,382000
250620,383000
250621,383000
250622,384000
250623,384000
250624,385000
250627,387000
250628,388000
250629,389000
250630,390000
250701,391000
250702,391000
250703,392000
250704,393000
250705,393000
250706,394000
250707,394000
250708,395000
250709,396000
250720,401000
250721,402000
250722,403000
250723,403000
250724,403000
250725,404000
250726,404000
250727,404000
250728,405000
250729,405000
250730,405000
250731,406000
250801,406000
250802,406000
250803,406000
250804,407000
250805,407000
250806,408000
250807,408000
250808,409000
250809,409000
250810,409000
250811,410000
250812,410000
250813,410000
250814,411000
250815,411000
250816,411000
250817,411000
250818,412000
250819,412000
250820,412000
250821,413000
250822,413000
250823,413000
250824,413000
250825,414000
250826,414000
250827,414000
250828,415000
250829,415000
250830,415000
250831,415000
250901,415000
250902,415000
250903,416000
250904,416000
250905,416000
250906,416000
250907,416000
250908,417000
250909,417000
250910,417000
250911,417000
250912,418000
250913,418000
250914,418000
250915,418000
250916,418000
250917,419000
250918,419000
250919,419000
250920,419000
250921,419000
250922,420000
250923,420000
250924,421000
250925,421000
250926,421000
250927,421000
250928,422000
250929,423000
250930,423000
251001,423000
251004,425000
251005,425000
251006,426000
251007,426000
251008,427000
251009,427000
251010,428000
251011,428000
251013,429000
251014,429000
251015,429000
251016,429000
251017,429000
251018,430000
251019,430000
251020,430000
251021,430000
251022,430000
251023,431000
251024,431000
251025,431000
251026,431000
251027,431000
251028,432000
251029,432000
251030,432000
251031,432000
251101,432000
251102,432000
251103,432000
251104,432000
251105,432000
251106,433000
251107,433000
251108,433000
251109,433000
251110,433000
251111,433000
251112,433000
251113,433000
251114,434000
251115,434000
251116,434000
251117,434000
251118,434000
251119,434000
251120,435000
251121,435000
251122,435000
251123,435000
251124,435000
251125,435000
251126,436000
251127,436000
251128,436000
251129,436000
251130,436000
251201,437000
251202,437000
251203,437000
251204,437000
251205,437000
251206,438000
251207,438000
251208,438000
251209,439000
251210,439000
251211,439000
251212,439000
251213,439000
251214,440000
251217,440000
251218,440000
251219,440000
251220,440000
251221,440000
251222,441000
251223,441000
251224,441000
251225,441000
251226,441000
251227,441000
251228,441000
251229,442000
251230,442000
251231,442000
260101,442000
260104,443000
260105,444000
260106,444000
260107,444000
260108,445000
260109,445000
260110,445000
260111,445000
260112,445000
260113,446000
260114,446000
260115,446000
260116,446000
260117,446000
260118,446000
260119,447000
260120,447000
260121,447000
260124,447000
260125,448000
260126,448000
260127,448000
260128,448000
260129,448000
260130,449000
260131,449000
260201,449000
260204,449000
260205,450000
260206,450000
260207,450000
260208,450000
260209,450000
260210,451000
260211,451000
260212,452000
260213,453000
260214,453000
260215,454000
260216,454000
260217,454000
260218,455000
260219,456000
260220,456000
260221,456000
260222,457000
260223,457000
260224,458000
260225,458000
260226,458000
260227,459000
260228,459000
260301,459000
260302,459000
260303,460000
260304,460000
260305,460000
260306,460000
260307,461000
260308,461000
260309,461000
260310,461000
260311,462000
260312,462000
260313,462000
260316,463000
260317,463000
260318,463000
260319,463000
260320,464000
260321,464000
260322,464000
260323,464000
260324,464000
260325,464000
260328,465000
260329,465000
260330,465000
260331,465000
260401,465000
260402,466000
260403,466000
260404,466000
260405,466000
260406,466000
260407,466000
260408,466000
260409,467000
260410,467000
260411,467000
260412,467000
260413,467000
260414,467000
260415,467000
260416,467000
260417,467000
260418,467000
260419,468000
260420,468000
260421,468000
260422,468000
260423,468000
260424,469000
260425,469000
260426,469000
260427,469000
260428,469000
260429,469000
260430,470000
260501,470000
260502,470000
260503,470000
260504,470000
260505,470000
260506,471000
260507,471000
260508,471000
260511,472000
260512,472000
260515,473000
260516,473000
260517,473000
260518,473000
260519,473000
260520,473000
260521,474000
260522,474000
260523,474000
260524,474000
260525,474000
260526,475000
260527,475000
260528,475000
260531,475000
260601,475000
260602,476000
260603,476000
260604,476000
260605,476000
260606,476000
260607,476000
260608,477000
260609,477000
260610,477000
260611,477000
260612,477000
260613,477000
260614,477000
260615,478000
260616,478000
260617,478000
260618,478000
260619,478000
260620,478000
260621,479000
260622,479000
260623,479000
260624,479000
260625,479000
260626,479000
260627,480000
260628,480000
260629,480000
260630,480000
260701,481000
260702,481000
260703,481000
260704,481000
260705,482000
260706,483000
260707,483000
260708,484000
260709,484000
260710,484000
260711,484000
260712,485000
260713,486000
260714,486000
260715,486000
260716,486000
260717,487000
260718,487000
260719,487000
260720,488000
260721,488000
260722,488000
260723,488000
260724,489000
260725,489000
260726,489000
260727,489000
260728,490000
260729,490000
260730,490000
260731,490000
260801,490000
260802,490000
260803,490000
260804,490000
260805,490000
260806,491000
