200406,38100
200408,42500
200410,44700
200412,46000
200413,46700
200417,48700
200418,49500
200420,52400
200423,57800
200428,61700
200429,62600
200501,64600
200507,68200
200511,69900
200518,72000
200526,73200
200601,73700
200611,74600
200622,75400
200629,75600
200701,75500
200707,75500
200725,76700
200727,76700
200801,77300
200803,77500
200805,77700
200809,78000
200810,78100
200811,78100
200815,78400
200816,78600
200817,79000
200829,83100
200901,83900
200906,85100
200920,87300
200921,87500
200928,90600
201001,91200
201007,92700
201008,93000
201010,93500
201011,93700
201014,94400
201015,94600
210101,135000
210102,135000
210103,135000
210104,136000
210105,137000
210107,138000
210110,140000
210111,142000
210112,142000
210114,144000
210118,146000
210122,150000
210123,151000
210125,152000
210127,153000
210128,154000
210129,154000
210201,156000
210203,157000
210204,157000
210205,158000
210207,159000
210208,161000
210214,166000
210221,170000
210222,171000
210228,175000
210301,175000
210304,177000
210308,179000
210311,183000
210312,183000
210315,185000
210322,190000
210329,196000
210331,198000
210401,198000
210405,202000
210408,203000
210409,204000
210420,207000
210501,210000
210510,213000
210531,222000
210605,223000
210607,224000
210621,230000
210701,236000
210704,238000
210705,238000
210709,240000
210710,241000
210711,242000
210712,242000
210713,243000
210714,243000
210717,245000
210720,246000
210721,247000
210723,248000
210724,248000
210726,250000
210731,253000
210801,253000
210802,254000
210803,255000
210804,256000
210805,256000
210806,257000
210807,258000
210808,259000
210809,259000
210812,261000
210816,266000
210817,269000
210819,274000
210822,278000
210823,281000
210828,288000
210830,290000
210831,291000
210901,291000
210906,294000
210913,299000
210923,305000
210927,308000
211007,315000
211008,316000
211009,316000
211011,317000
211014,318000
211025,322000
211105,327000
211108,328000
211120,334000
211201,338000
211204,338000
211206,339000
211211,340000
211213,341000
211220,343000
220101,349000
220201,364000
220301,378000
220329,392000
220401,393000
220404,394000
220412,401000
220418,405000
220419,405000
220422,407000
220501,413000
220515,430000
220518,432000
220528,442000
220529,443000
220530,444000
220531,444000
220601,445000
220603,446000
220604,447000
220605,447000
220606,448000
220608,449000
220612,452000
220616,453000
220621,456000
220625,458000
220627,461000
220701,464000
220704,466000
220706,467000
220711,469000
220719,474000
220728,479000
220814,493000
220826,500000
220901,504000
220916,509000
220926,515000
221001,517000
221024,527000
221030,529000
221101,529000
221107,531000
221114,533000
221201,536000
221212,538000
221213,538000
221221,540000
221226,542000
230101,544000
230109,546000
230111,547000
230116,548000
230120,549000
230121,550000
230124,551000
230130,553000
230201,553000
230213,556000
230301,562000
230318,565000
230321,565000
230322,565000
230327,566000
230401,567000
230403,567000
230411,568000
230417,569000
230424,569000
230501,570000
230512,571000
230515,571000
230522,572000
230601,573000
230605,573000
230613,574000
230629,575000
230701,575000
230703,576000
230710,576000
230714,577000
230724,578000
230731,579000
230801,579000
230828,584000
230901,585000
231001,588000
231101,591000
231113,592000
231120,593000
231201,593000
240101,596000
240528,609000
240529,609000
240530,609000
240531,609000
240601,609000
240602,609000
240603,610000
240604,611000
240605,612000
240606,612000
240607,612000
240608,612000
240609,612000
240610,613000
240611,613000
240612,613000
240613,613000
240614,613000
240615,613000
240616,613000
240617,613000
240618,613000
240619,613000
240620,614000
240621,614000
240622,614000
240623,614000
240624,614000
240625,614000
240626,614000
240627,614000
240628,614000
240629,614000
240630,615000
240701,615000
240702,615000
240703,615000
240704,615000
240705,615000
240706,615000
240707,615000
240708,615000
240709,615000
240710,616000
240711,616000
240712,616000
240713,616000
240714,616000
240715,616000
240716,616000
240717,616000
240718,616000
240719,616000
240720,616000
240721,616000
240722,617000
240723,617000
240724,617000
240725,617000
240726,617000
240727,617000
240728,618000
240729,618000
240730,618000
240731,618000
240801,618000
240802,618000
240803,619000
240804,619000
240805,619000
240806,619000
240807,619000
240808,620000
240809,620000
240810,620000
240811,620000
240812,620000
240813,620000
240814,621000
240815,621000
240816,621000
240817,621000
240818,621000
240819,622000
240820,622000
240821,622000
240822,622000
240823,622000
240824,623000
240825,623000
240826,623000
240827,623000
240828,624000
240829,624000
240830,625000
240831,625000
240901,626000
240902,626000
240903,626000
240904,626000
240905,626000
240906,627000
240907,627000
240908,627000
240909,627000
240910,627000
240911,628000
240912,628000
240913,628000
240914,628000
240915,628000
240916,628000
240917,628000
240918,628000
240919,628000
240920,628000
240921,629000
240922,629000
240923,629000
240924,630000
240925,630000
240926,630000
240927,630000
240928,630000
240929,630000
240930,630000
241001,630000
241002,631000
241003,631000
241004,631000
241005,631000
241006,631000
241007,631000
241008,631000
241009,631000
241010,632000
241011,632000
241012,632000
241013,632000
241014,632000
241015,632000
241016,632000
241017,633000
241018,633000
241019,633000
241020,633000
241021,633000
241022,633000
241023,634000
241024,634000
241025,634000
241026,634000
241027,635000
241028,635000
241029,635000
241030,636000
241031,636000
241101,636000
241102,636000
241103,636000
241104,636000
241105,636000
241106,636000
241107,636000
241108,637000
241109,637000
241110,637000
241111,637000
241112,637000
241113,637000
241114,637000
241115,637000
241116,638000
241117,638000
241118,638000
241119,638000
241120,638000
241121,638000
241122,639000
241123,639000
241124,639000
241125,639000
241126,639000
241127,640000
241128,640000
241129,640000
241130,640000
241201,640000
241202,640000
241203,640000
241204,640000
241205,641000
241206,641000
241207,641000
241208,641000
241209,641000
241210,641000
241211,641000
241212,641000
241213,642000
241214,642000
241215,642000
241216,642000
241217,642000
241218,643000
241219,643000
241220,644000
241221,644000
241222,645000
241223,645000
241224,645000
241225,646000
241226,646000
241227,646000
241228,646000
241229,647000
241230,647000
241231,647000
250101,647000
250102,648000
250103,648000
250104,648000
250105,648000
250106,648000
250107,649000
250108,649000
250109,649000
250110,649000
250111,650000
250112,650000
250113,650000
250114,650000
250115,651000
250116,651000
250117,651000
250118,651000
250119,652000
250120,652000
250121,652000
250122,652000
250123,652000
250124,652000
250125,653000
250126,653000
250127,653000
250128,653000
250129,653000
250130,653000
250131,653000
250201,654000
250202,654000
250203,654000
250204,654000
250205,654000
250206,654000
250207,655000
250208,655000
250209,655000
250210,655000
250211,655000
250212,655000
250213,656000
250214,656000
250215,656000
250216,656000
250217,656000
250218,656000
250219,657000
250220,657000
250221,657000
250222,657000
250223,657000
250224,657000
250225,657000
250226,658000
250227,658000
250228,658000
250301,658000
250302,658000
250303,658000
250304,659000
250305,659000
250306,659000
250307,659000
250308,659000
250309,659000
250310,660000
250311,660000
250312,660000
250313,660000
250314,661000
250315,661000
250316,661000
250317,661000
250318,661000
250319,662000
250320,662000
250321,662000
250322,662000
250323,662000
250324,663000
250325,663000
250326,663000
250327,663000
250328,663000
250329,664000
250330,664000
250331,664000
250401,664000
250402,664000
250403,665000
250404,665000
250405,665000
250406,666000
250407,666000
250408,667000
250409,667000
250410,667000
250411,667000
250412,667000
250413,667000
250414,668000
250415,668000
250416,668000
250417,668000
250418,668000
250419,668000
250420,668000
250421,669000
250422,669000
250423,669000
250424,670000
250425,670000
250426,670000
250427,671000
250428,671000
250429,671000
250430,672000
250502,672000
250503,672000
250504,673000
250505,673000
250506,673000
250507,674000
250508,674000
250509,674000
250510,674000
250511,675000
250512,675000
250513,675000
250514,675000
250515,675000
250516,676000
250517,676000
250518,676000
250519,676000
250520,676000
250521,676000
250522,676000
250523,676000
250524,676000
250525,676000
250602,678000
250603,678000
250605,678000
250606,678000
250607,679000
250610,679000
250611,679000
250612,679000
250613,680000
250614,680000
250615,680000
250616,681000
250617,681000
250618,681000
250619,681000
250620,682000
250621,682000
250622,682000
250623,682000
250624,682000
250627,682000
250628,683000
250629,683000
250630,683000
250701,683000
250702,683000
250703,683000
250704,683000
250705,684000
250706,684000
250707,684000
250708,684000
250709,684000
250720,686000
250721,686000
250722,687000
250723,687000
250724,687000
250725,688000
250726,688000
250727,688000
250728,688000
250729,689000
250730,689000
250731,689000
250801,689000
250802,689000
250803,690000
250804,690000
250805,690000
250806,690000
250807,691000
250808,691000
250809,691000
250810,691000
250811,691000
250812,692000
250813,692000
250814,692000
250815,692000
250816,692000
250817,693000
250818,693000
250819,693000
250820,693000
250821,693000
250822,694000
250823,694000
250824,694000
250825,695000
250826,695000
250827,695000
250828,696000
250829,696000
250830,696000
250831,696000
250901,696000
250902,697000
250903,697000
250904,697000
250905,697000
250906,697000
250907,697000
250908,698000
250909,698000
250910,698000
250911,698000
250912,698000
250913,698000
250914,698000
250915,698000
250916,699000
250917,699000
250918,699000
250919,699000
250920,699000
250921,699000
250922,700000
250923,700000
250924,700000
250925,700000
250926,700000
250927,700000
250928,700000
250929,700000
250930,701000
251001,701000
251004,701000
251005,701000
251006,701000
251007,701000
251008,702000
251009,702000
251010,702000
251011,702000
251013,702000
251014,703000
251015,703000
251016,703000
251017,703000
251018,704000
251019,704000
251020,704000
251021,704000
251022,705000
251023,706000
251024,706000
251025,706000
251026,707000
251027,707000
251028,707000
251029,707000
251030,707000
251031,707000
251101,707000
251102,707000
251103,707000
251104,707000
251105,707000
251106,708000
251107,707000
251108,708000
251109,708000
251110,708000
251111,708000
251112,708000
251113,708000
251114,708000
251115,708000
251116,709000
251117,709000
251118,709000
251119,709000
251120,709000
251121,709000
251122,710000
251123,710000
251124,710000
251125,710000
251126,711000
251127,711000
251128,711000
251129,711000
251130,711000
251201,711000
251202,711000
251203,711000
251204,711000
251205,712000
251206,712000
251207,712000
251208,712000
251209,712000
251210,712000
251211,712000
251212,712000
251213,712000
251214,712000
251217,713000
251218,713000
251219,713000
251220,713000
251221,713000
251222,713000
251223,713000
251224,713000
251225,713000
251226,713000
251227,713000
251228,714000
251229,714000
251230,714000
251231,714000
260101,714000
260104,714000
260105,715000
260106,715000
260107,715000
260108,715000
260109,715000
260110,715000
260111,715000
260112,715000
260113,716000
260114,716000
260115,716000
260116,716000
260117,716000
260118,716000
260119,716000
260120,716000
260121,717000
260124,717000
260125,717000
260126,717000
260127,717000
260128,718000
260129,718000
260130,718000
260131,718000
260201,718000
260204,718000
260205,718000
260206,718000
260207,718000
260208,718000
260209,718000
260210,718000
260211,719000
260212,719000
260213,719000
260214,719000
260215,719000
260216,719000
260217,719000
260218,719000
260219,719000
260220,719000
260221,719000
260222,719000
260223,719000
260224,720000
260225,720000
260226,720000
260227,720000
260228,720000
260301,720000
260302,720000
260303,720000
260304,720000
260305,720000
260306,720000
260307,720000
260308,721000
260309,721000
260310,721000
260311,721000
260312,721000
260313,721000
260316,721000
260317,721000
260318,721000
260319,721000
260320,721000
260321,721000
260322,722000
260323,722000
260324,722000
260325,722000
260328,722000
260329,723000
260330,723000
260331,723000
260401,723000
260402,723000
260403,723000
260404,723000
260405,723000
260406,723000
260407,723000
260408,723000
260409,723000
260410,724000
260411,724000
260412,724000
260413,724000
260414,724000
260415,724000
260416,724000
260417,724000
260418,724000
260419,724000
260420,724000
260421,724000
260422,724000
260423,724000
260424,724000
260425,725000
260426,725000
260427,725000
260428,725000
260429,725000
260430,725000
260501,725000
260502,725000
260503,725000
260504,725000
260505,726000
260506,726000
260507,726000
260508,726000
260511,726000
260512,726000
260515,726000
260516,726000
260517,726000
260518,726000
260519,726000
260520,726000
260521,726000
260522,727000
260523,727000
260524,727000
260525,727000
260526,727000
260527,728000
260528,729000
260531,730000
260601,730000
260602,730000
260603,730000
260604,731000
260605,731000
260606,731000
260607,731000
260608,731000
260609,731000
260610,731000
260611,732000
260612,732000
260613,732000
260614,732000
260615,733000
260616,733000
260617,733000
260618,733000
260619,733000
260620,733000
260621,733000
260622,733000
260623,733000
260624,733000
260625,733000
260626,733000
260627,733000
260628,733000
260629,734000
260630,734000
260701,734000
260702,734000
260703,735000
260704,735000
260705,735000
260706,735000
260707,735000
260708,735000
260709,735000
260710,735000
260711,735000
260712,735000
260713,735000
260714,735000
260715,735000
260716,735000
260717,735000
260718,735000
260719,735000
260720,735000
260721,736000
260722,736000
