190611,68620
190612,69030
190614,69479
190616,69888
190619,70275
190620,70364
190625,70832
190701,71460
190703,71663
190706,71809
190708,71918
190716,73594
190729,77557
190730,78093
190801,79178
190802,79425
190803,79586
190804,79854
190809,81177
190811,81815
190816,83639
190818,84205
190819,84480
190820,84824
190821,85234
190822,85644
190823,85965
190824,86324
190825,86533
190826,86857
190827,87327
190828,87578
190829,88159
190830,88401
190831,88689
190901,89011
190902,89286
190903,89492
190904,89640
190905,89771
190906,89901
190907,90001
190908,90192
190909,90385
190910,90511
190911,90665
190912,90755
190914,91087
190915,91217
190916,91403
190918,92087
190919,92300
190920,92800
190921,93100
190922,93300
190923,94000
190924,94400
190926,94700
190927,94800
190929,95200
190930,95400
191001,95500
191002,95700
191003,96500
191017,100000
191018,100000
191020,101000
191029,102000
191030,103000
191101,103000
191109,105000
191111,105000
191117,107000
191118,107000
191119,107000
191122,108000
191124,108000
191125,109000
191126,110000
191127,110000
191130,111000
191202,111000
191204,111000
191211,113000
191216,114000
191222,115000
191228,117000
191230,117000
191231,117000
200101,118000
200111,120000
200113,121000
200125,125000
200127,125000
200131,126000
200201,126000
200205,127000
200206,127000
200224,132000
200228,133000
200307,135000
200311,136000
200312,136000
200316,138000
200322,139000
200323,140000
200327,141000
200328,142000
200330,142000
200401,143000
200406,144000
200408,145000
200410,147000
200412,147000
200413,155000
200417,158000
200418,158000
200420,159000
200423,160000
200428,163000
200429,163000
200501,164000
200507,167000
200511,169000
200518,172000
200526,176000
200601,178000
200611,182000
200622,186000
200629,188000
200701,189000
200707,191000
200725,204000
200727,208000
200801,213000
200803,215000
200805,216000
200809,219000
200810,219000
200811,220000
200815,226000
200816,229000
200817,233000
200829,238000
200901,239000
200906,240000
200920,243000
200921,243000
200928,244000
201001,245000
201007,246000
201008,246000
201010,246000
201011,246000
201014,247000
201015,247000
210101,263000
210102,263000
210103,263000
210104,264000
210105,264000
210107,265000
210110,266000
210111,267000
210112,267000
210114,268000
210118,269000
210122,269000
210123,269000
210125,270000
210127,270000
210128,270000
210129,270000
210201,270000
210203,271000
210204,271000
210205,271000
210207,271000
210208,272000
210214,274000
210221,276000
210222,276000
210228,277000
210301,277000
210304,278000
210308,279000
210311,281000
210312,282000
210315,283000
210322,284000
210329,285000
210331,286000
210401,286000
210405,286000
210408,287000
210409,287000
210420,287000
210501,288000
210510,288000
210531,290000
210605,290000
210607,291000
210621,292000
210701,293000
210704,295000
210705,296000
210709,297000
210710,297000
210711,301000
210712,306000
210713,308000
210714,310000
210717,313000
210720,316000
210721,317000
210723,318000
210724,318000
210726,319000
210731,321000
210801,322000
210802,322000
210803,322000
210804,322000
210805,322000
210806,323000
210807,323000
210808,323000
210809,324000
210812,325000
210816,326000
210817,326000
210819,327000
210822,330000
210823,331000
210828,332000
210830,333000
210831,333000
210901,333000
210906,333000
210913,334000
210923,336000
210927,336000
211007,337000
211008,337000
211009,337000
211011,337000
211014,337000
211025,338000
211105,339000
211108,339000
211120,343000
211201,348000
211204,349000
211206,349000
211211,350000
211213,350000
211220,351000
220101,353000
220201,359000
220301,361000
220329,365000
220401,366000
220404,366000
220412,366000
220418,366000
220419,366000
220422,367000
220501,368000
220515,369000
220518,369000
220528,370000
220529,370000
220530,371000
220531,371000
220601,371000
220603,371000
220604,371000
220605,371000
220606,371000
220608,372000
220612,372000
220616,372000
220621,373000
220625,373000
220627,373000
220701,373000
220704,374000
220706,374000
220711,375000
220719,378000
220728,381000
220814,387000
220826,388000
220901,388000
220916,388000
220926,388000
221001,389000
221024,391000
221030,391000
221101,391000
221107,392000
221114,392000
221201,394000
221212,396000
221213,396000
221221,396000
221226,397000
230101,402000
230109,406000
230111,406000
230116,407000
230120,407000
230121,407000
230124,407000
230130,407000
230201,407000
230213,409000
230301,409000
230318,410000
230321,410000
230322,410000
230327,410000
230401,410000
230403,410000
230411,410000
230417,411000
230424,411000
230501,411000
230512,411000
230515,411000
230522,411000
230601,412000
230605,412000
230613,412000
230629,412000
230701,412000
230703,413000
230710,415000
230714,416000
230724,417000
230731,418000
230801,418000
230828,429000
230901,429000
231001,429000
231101,428000
231113,427000
231120,427000
231201,427000
240101,426000
240528,424000
240529,424000
240530,424000
240531,424000
240601,424000
240602,424000
240603,424000
240604,424000
240605,424000
240606,424000
240607,424000
240608,424000
240609,424000
240610,424000
240611,424000
240612,424000
240613,424000
240614,424000
240615,424000
240616,424000
240617,424000
240618,424000
240619,424000
240620,424000
240621,424000
240622,424000
240623,424000
240624,424000
240625,424000
240626,424000
240627,424000
240628,424000
240629,424000
240630,424000
240701,424000
240702,424000
240703,424000
240704,424000
240705,424000
240706,424000
240707,424000
240708,424000
240709,424000
240710,424000
240711,427000
240712,431000
240713,432000
240714,433000
240715,433000
240716,434000
240717,436000
240718,437000
240719,438000
240720,439000
240721,439000
240722,439000
240723,439000
240724,439000
240725,439000
240726,440000
240727,440000
240728,440000
240729,440000
240730,440000
240731,441000
240801,441000
240802,441000
240803,442000
240804,442000
240805,442000
240806,442000
240807,442000
240808,442000
240809,442000
240810,442000
240811,442000
240812,442000
240813,442000
240814,442000
240815,442000
240816,442000
240817,442000
240818,442000
240819,442000
240820,442000
240821,442000
240822,442000
240823,442000
240824,442000
240825,442000
240826,443000
240827,443000
240828,443000
240829,443000
240830,443000
240831,443000
240901,443000
240902,443000
240903,443000
240904,443000
240905,443000
240906,443000
240907,443000
240908,443000
240909,443000
240910,443000
240911,443000
240912,443000
240913,443000
240914,443000
240915,443000
240916,443000
240917,443000
240918,443000
240919,443000
240920,443000
240921,443000
240922,443000
240923,443000
240924,443000
240925,443000
240926,443000
240927,444000
240928,444000
240929,444000
240930,444000
241001,444000
241002,444000
241003,444000
241004,444000
241005,444000
241006,444000
241007,444000
241008,444000
241009,444000
241010,444000
241011,444000
241012,444000
241013,444000
241014,444000
241015,444000
241016,444000
241017,444000
241018,444000
241019,444000
241020,444000
241021,444000
241022,444000
241023,444000
241024,444000
241025,444000
241026,444000
241027,444000
241028,444000
241029,444000
241030,444000
241031,444000
241101,444000
241102,444000
241103,444000
241104,444000
241105,444000
241106,444000
241107,444000
241108,444000
241109,444000
241110,444000
241111,444000
241112,444000
241113,445000
241114,445000
241115,445000
241116,445000
241117,445000
241118,445000
241119,445000
241120,445000
241121,445000
241122,445000
241123,445000
241124,445000
241125,445000
241126,445000
241127,445000
241128,445000
241129,445000
241130,445000
241201,445000
241202,445000
241203,445000
241204,445000
241205,445000
241206,445000
241207,445000
241208,445000
241209,445000
241210,445000
241211,445000
241212,445000
241213,445000
241214,445000
241215,445000
241216,445000
241217,446000
241218,446000
241219,446000
241220,446000
241221,446000
241222,446000
241223,446000
241224,446000
241225,446000
241226,446000
241227,446000
241228,446000
241229,446000
241230,446000
241231,446000
250101,446000
250102,446000
250103,446000
250104,446000
250105,446000
250106,446000
250107,446000
250108,446000
250109,446000
250110,446000
250111,446000
250112,446000
250113,446000
250114,446000
250115,446000
250116,446000
250117,446000
250118,446000
250119,446000
250120,446000
250121,446000
250122,446000
250123,446000
250124,446000
250125,446000
250126,446000
250127,446000
250128,447000
250129,447000
250130,447000
250131,447000
250201,447000
250202,447000
250203,447000
250204,447000
250205,447000
250206,448000
250207,447000
250208,448000
250209,448000
250210,448000
250211,448000
250212,448000
250213,448000
250214,448000
250215,448000
250216,448000
250217,448000
250218,448000
250219,448000
250220,448000
250221,448000
250222,448000
250223,448000
250224,448000
250225,448000
250226,448000
250227,448000
250228,448000
250301,448000
250302,448000
250303,448000
250304,448000
250305,448000
250306,448000
250307,448000
250308,448000
250309,448000
250310,448000
250311,448000
250312,448000
250313,448000
250314,448000
250315,448000
250316,448000
250317,448000
250318,448000
250319,448000
250320,448000
250321,448000
250322,448000
250323,448000
250324,448000
250325,448000
250326,448000
250327,448000
250328,448000
250329,448000
250330,448000
250331,448000
250401,448000
250402,448000
250403,448000
250404,448000
250405,448000
250406,448000
250407,448000
250408,448000
250409,448000
250410,448000
250411,448000
250412,448000
250413,448000
250414,448000
250415,448000
250416,448000
250417,448000
250418,448000
250419,448000
250420,448000
250421,448000
250422,448000
250423,448000
250424,448000
250425,448000
250426,448000
250427,448000
250428,448000
250429,448000
250430,448000
250502,448000
250503,448000
250504,448000
250505,448000
250506,448000
250507,448000
250508,448000
250509,448000
250510,448000
250511,448000
250512,448000
250513,448000
250514,448000
250515,448000
250516,448000
250517,448000
250518,448000
250519,448000
250520,448000
250521,448000
250522,448000
250523,448000
250524,448000
250525,448000
250602,448000
250603,448000
250605,448000
250606,448000
250607,448000
250610,448000
250611,448000
250612,449000
250613,449000
250614,449000
250615,449000
250616,449000
250617,449000
250618,449000
250619,450000
250620,450000
250621,451000
250622,451000
250623,451000
250624,451000
250627,452000
250628,452000
250629,452000
250630,452000
250701,452000
250702,452000
250703,452000
250704,452000
250705,452000
250706,452000
250707,453000
250708,453000
250709,453000
250720,454000
250721,454000
250722,454000
250723,454000
250724,454000
250725,454000
250726,454000
250727,454000
250728,454000
250729,454000
250730,454000
250731,454000
250801,454000
250802,454000
250803,454000
250804,454000
250805,454000
250806,454000
250807,454000
250808,454000
250809,454000
250810,454000
250811,454000
250812,454000
250813,454000
250814,454000
250815,454000
250816,454000
250817,454000
250818,454000
250819,454000
250820,454000
250821,454000
250822,454000
250823,454000
250824,454000
250825,454000
250826,454000
250827,454000
250828,454000
250829,454000
250830,454000
250831,454000
250901,454000
250902,454000
250903,454000
250904,454000
250905,454000
250906,454000
250907,454000
250908,454000
250909,454000
250910,454000
250911,454000
250912,454000
250913,454000
250914,454000
250915,454000
250916,454000
250917,454000
250918,454000
250919,454000
250920,454000
250921,454000
250922,454000
250923,454000
250924,455000
250925,455000
250926,455000
250927,455000
250928,455000
250929,455000
250930,455000
251001,455000
251004,455000
251005,455000
251006,455000
251007,455000
251008,455000
251009,455000
251010,455000
251011,455000
251013,455000
251014,455000
251015,455000
251016,455000
251017,455000
251018,455000
251019,455000
251020,455000
251021,455000
251022,455000
251023,455000
251024,455000
251025,455000
251026,455000
251027,455000
251028,455000
251029,455000
251030,455000
251031,455000
251101,455000
251102,455000
251103,455000
251104,455000
251105,455000
251106,455000
251107,455000
251108,455000
251109,455000
251110,456000
251111,456000
251112,456000
251113,456000
251114,456000
251115,456000
251116,456000
251117,456000
251118,456000
251119,456000
251120,456000
251121,456000
251122,456000
251123,456000
251124,456000
251125,456000
251126,456000
251127,456000
251128,456000
251129,456000
251130,456000
251201,456000
251202,456000
251203,456000
251204,456000
251205,456000
251206,456000
251207,456000
251208,456000
251209,456000
251210,456000
251211,456000
251212,456000
251213,456000
251214,456000
251217,457000
251218,457000
251219,457000
251220,457000
251221,457000
251222,457000
251223,456000
251224,457000
251225,457000
251226,457000
251227,457000
251228,457000
251229,457000
251230,458000
251231,458000
260101,458000
260104,458000
260105,458000
260106,458000
260107,458000
260108,458000
260109,458000
260110,458000
260111,458000
260112,458000
260113,458000
260114,458000
260115,458000
260116,458000
260117,458000
260118,458000
260119,458000
260120,458000
260121,458000
260124,458000
260125,458000
260126,458000
260127,458000
260128,458000
260129,458000
260130,458000
260131,458000
260201,458000
260204,458000
260205,458000
260206,458000
260207,458000
260208,458000
260209,458000
260210,458000
260211,458000
260212,458000
260213,458000
260214,458000
260215,458000
260216,458000
260217,458000
260218,458000
260219,458000
260220,458000
260221,458000
260222,458000
260223,458000
260224,458000
260225,458000
260226,458000
260227,458000
260228,458000
260301,458000
260302,459000
260303,459000
260304,459000
260305,459000
260306,459000
260307,459000
260308,460000
260309,460000
260310,460000
260311,460000
260312,460000
260313,460000
260316,460000
260317,460000
260318,460000
260319,460000
260320,460000
260321,460000
260322,460000
260323,460000
260324,460000
260325,460000
260328,460000
260329,460000
260330,460000
260331,460000
260401,460000
260402,460000
260403,460000
260404,460000
260405,460000
260406,460000
260407,460000
260408,460000
260409,460000
260410,461000
260411,461000
260412,461000
260413,461000
260414,460000
260415,461000
260416,461000
260417,460000
260418,460000
260419,461000
260420,460000
260421,460000
260422,460000
260423,460000
260424,460000
260425,460000
260426,460000
260427,460000
260428,460000
260429,460000
260430,460000
260501,460000
260502,460000
260503,461000
260504,461000
260505,461000
260506,461000
260507,461000
260508,461000
260511,461000
260512,461000
260515,461000
260516,461000
260517,461000
260518,461000
260519,460000
260520,460000
260521,460000
260522,460000
260523,460000
260524,460000
260525,460000
260526,461000
260527,461000
260528,461000
260531,461000
260601,461000
260602,461000
260603,461000
260604,461000
260605,461000
260606,461000
260607,461000
260608,461000
260609,461000
260610,462000
260611,463000
260612,463000
260613,463000
260614,464000
260615,464000
260616,464000
260617,464000
260618,464000
260619,464000
260620,464000
260621,464000
260622,464000
260623,465000
260624,465000
260625,465000
260626,465000
260627,465000
260628,466000
260629,466000
260630,466000
260701,466000
260702,466000
260703,466000
260704,466000
260705,466000
260706,466000
260707,466000
260708,467000
260709,468000
260710,468000
260711,468000
260712,468000
260713,468000
260714,468000
260715,468000
260716,468000
260717,469000
260718,469000
260719,469000
260720,469000
260721,469000
260722,470000
260723,470000
260724,470000
260725,470000
260726,470000
260727,470000
260728,470000
260729,470000
260730,470000
260731,471000
260801,471000
260802,471000
260803,471000
260804,471000
260805,472000
260806,472000
260807,472000
260808,472000
260809,472000
260810,472000
260811,472000
260812,472000
260813,472000
260814,472000
260815,472000
260816,472000
260817,472000
260818,472000
260819,472000
260820,472000
260821,472000
260822,472000
260823,472000
260824,472000
260825,472000
260826,472000
260827,472000
260828,472000
260829,472000
260830,472000
260831,472000
260901,472000
260902,472000
260903,472000
260904,472000
260905,472000
260906,472000
260907,472000
260908,471000
260909,472000
260910,472000
260911,472000
260912,472000
260913,472000
260914,471000
260915,471000
260916,471000
260917,471000
260918,471000
260919,471000
260920,471000
260921,471000
260922,471000
260923,471000
260924,471000
260925,471000
