190611,34187
190612,34239
190614,34301
190616,34358
190619,34436
190620,34466
190625,34653
190701,34857
190703,34942
190706,34964
190708,35044
190716,35308
190729,36324
190730,36447
190801,36779
190802,36887
190803,38143
190804,38392
190809,38873
190811,38960
190816,39210
190818,39344
190819,39405
190820,39476
190821,39553
190822,39664
190823,39853
190824,39978
190825,40057
190826,40238
190827,40340
190828,40460
190829,40587
190830,40676
190831,40772
190901,40882
190902,40960
190903,41023
190904,41111
190905,41350
190906,41538
190907,41707
190908,41959
190909,42355
190910,42460
190911,42535
190912,42607
190914,42678
190915,42709
190916,42782
190918,42883
190919,42900
190920,42900
190921,42900
190922,43100
190923,43200
190924,43700
190926,44000
190927,44100
190929,44100
190930,44300
191001,44400
191002,44600
191003,45100
191017,46300
191018,46400
191020,46700
191029,47200
191030,47300
191101,47400
191109,48000
191111,48200
191117,48800
191118,48800
191119,48800
191122,49000
191124,49100
191125,49100
191126,49100
191127,49100
191130,49800
191202,50800
191204,51100
191211,51700
191216,52000
191222,52500
191228,54700
191230,55100
191231,55200
200101,55300
200111,57500
200113,57800
200125,58400
200127,58400
200131,58600
200201,58600
200205,58700
200206,58700
200224,59200
200228,59300
200307,60000
200311,60200
200312,60200
200316,60300
200322,60600
200323,60700
200327,61000
200328,61100
200330,61100
200401,61200
200406,61500
200408,61600
200410,61700
200412,63500
200413,63900
200417,64200
200418,64300
200420,65000
200423,65400
200428,65700
200429,65700
200501,65800
200507,67000
200511,67200
200518,67600
200526,67800
200601,68100
200611,68800
200622,69300
200629,69700
200701,69700
200707,70200
200725,70800
200727,70900
200801,71100
200803,71100
200805,71200
200809,71400
200810,71500
200811,71600
200815,71700
200816,71700
200817,71900
200829,72200
200901,72600
200906,72800
200920,73500
200921,73500
200928,73700
201001,73800
201007,73900
201008,73900
201010,74200
201011,74300
201014,74600
201015,74600
210101,84500
210102,84600
210103,84700
210104,84800
210105,84800
210107,85000
210110,85400
210111,85500
210112,85600
210114,85700
210118,85900
210122,86100
210123,86100
210125,86200
210127,86300
210128,86400
210129,86500
210201,86600
210203,86800
210204,86800
210205,86900
210207,87000
210208,87100
210214,87500
210221,87700
210222,87800
210228,96000
210301,97000
210304,98100
210308,98500
210311,98500
210312,98600
210315,98600
210322,99600
210329,100000
210331,100000
210401,100000
210405,100000
210408,100000
210409,100000
210420,101000
210501,101000
210510,101000
210531,101000
210605,101000
210607,102000
210621,103000
210701,104000
210704,105000
210705,105000
210709,105000
210710,105000
210711,105000
210712,105000
210713,105000
210714,105000
210717,105000
210720,106000
210721,106000
210723,106000
210724,106000
210726,106000
210731,106000
210801,106000
210802,106000
210803,106000
210804,106000
210805,106000
210806,106000
210807,106000
210808,106000
210809,106000
210812,106000
210816,106000
210817,107000
210819,107000
210822,107000
210823,107000
210828,107000
210830,107000
210831,107000
210901,107000
210906,107000
210913,108000
210923,108000
210927,110000
211007,110000
211008,110000
211009,110000
211011,110000
211014,110000
211025,110000
211105,110000
211108,111000
211120,111000
211201,111000
211204,111000
211206,111000
211211,112000
211213,112000
211220,113000
220101,114000
220201,115000
220301,117000
220329,118000
220401,118000
220404,118000
220412,118000
220418,118000
220419,118000
220422,118000
220501,118000
220515,118000
220518,118000
220528,119000
220529,119000
220530,119000
220531,119000
220601,119000
220603,119000
220604,119000
220605,119000
220606,119000
220608,119000
220612,121000
220616,125000
220621,127000
220625,128000
220627,129000
220701,129000
220704,132000
220706,132000
220711,132000
220719,133000
220728,133000
220814,133000
220826,133000
220901,134000
220916,134000
220926,134000
221001,134000
221024,135000
221030,135000
221101,135000
221107,135000
221114,135000
221201,135000
221212,135000
221213,135000
221221,135000
221226,136000
230101,136000
230109,137000
230111,137000
230116,137000
230120,137000
230121,137000
230124,138000
230130,138000
230201,138000
230213,138000
230301,138000
230318,139000
230321,139000
230322,139000
230327,139000
230401,139000
230403,139000
230411,139000
230417,138000
230424,138000
230501,138000
230512,139000
230515,139000
230522,139000
230601,140000
230605,140000
230613,140000
230629,140000
230701,140000
230703,140000
230710,140000
230714,140000
230724,140000
230731,140000
230801,140000
230828,142000
230901,142000
231001,143000
231101,143000
231113,143000
231120,143000
231201,143000
240101,144000
240528,145000
240529,145000
240530,145000
240531,145000
240601,145000
240602,145000
240603,145000
240604,145000
240605,145000
240606,145000
240607,145000
240608,145000
240609,145000
240610,145000
240611,145000
240612,145000
240613,145000
240614,145000
240615,145000
240616,145000
240617,145000
240618,145000
240619,145000
240620,145000
240621,145000
240622,145000
240623,145000
240624,145000
240625,145000
240626,145000
240627,145000
240628,145000
240629,145000
240630,145000
240701,145000
240702,145000
240703,145000
240704,145000
240705,145000
240706,145000
240707,145000
240708,145000
240709,145000
240710,145000
240711,145000
240712,145000
240713,145000
240714,145000
240715,145000
240716,145000
240717,145000
240718,145000
240719,145000
240720,145000
240721,145000
240722,145000
240723,145000
240724,145000
240725,145000
240726,145000
240727,145000
240728,145000
240729,145000
240730,145000
240731,145000
240801,145000
240802,145000
240803,145000
240804,145000
240805,145000
240806,145000
240807,145000
240808,145000
240809,145000
240810,145000
240811,145000
240812,145000
240813,145000
240814,145000
240815,145000
240816,145000
240817,145000
240818,145000
240819,145000
240820,145000
240821,145000
240822,145000
240823,145000
240824,145000
240825,145000
240826,145000
240827,145000
240828,145000
240829,145000
240830,145000
240831,145000
240901,145000
240902,145000
240903,145000
240904,145000
240905,145000
240906,145000
240907,145000
240908,145000
240909,145000
240910,145000
240911,145000
240912,145000
240913,145000
240914,145000
240915,145000
240916,145000
240917,145000
240918,145000
240919,145000
240920,145000
240921,145000
240922,145000
240923,145000
240924,145000
240925,145000
240926,145000
240927,145000
240928,145000
240929,145000
240930,145000
241001,145000
241002,145000
241003,145000
241004,145000
241005,145000
241006,145000
241007,145000
241008,145000
241009,145000
241010,145000
241011,145000
241012,145000
241013,145000
241014,145000
241015,145000
241016,145000
241017,145000
241018,145000
241019,145000
241020,145000
241021,145000
241022,145000
241023,145000
241024,145000
241025,145000
241026,145000
241027,145000
241028,145000
241029,145000
241030,145000
241031,145000
241101,145000
241102,145000
241103,145000
241104,145000
241105,145000
241106,145000
241107,145000
241108,145000
241109,145000
241110,145000
241111,145000
241112,145000
241113,145000
241114,145000
241115,145000
241116,145000
241117,145000
241118,145000
241119,145000
241120,145000
241121,145000
241122,145000
241123,145000
241124,145000
241125,145000
241126,145000
241127,145000
241128,145000
241129,145000
241130,145000
241201,145000
241202,145000
241203,145000
241204,145000
241205,145000
241206,145000
241207,145000
241208,145000
241209,145000
241210,145000
241211,145000
241212,145000
241213,145000
241214,145000
241215,145000
241216,145000
241217,145000
241218,145000
241219,145000
241220,145000
241221,145000
241222,145000
241223,145000
241224,145000
241225,145000
241226,145000
241227,145000
241228,145000
241229,145000
241230,145000
241231,145000
250101,145000
250102,145000
250103,145000
250104,145000
250105,145000
250106,145000
250107,145000
250108,145000
250109,145000
250110,145000
250111,145000
250112,145000
250113,145000
250114,145000
250115,145000
250116,145000
250117,145000
250118,145000
250119,145000
250120,145000
250121,145000
250122,145000
250123,145000
250124,145000
250125,145000
250126,145000
250127,145000
250128,145000
250129,145000
250130,145000
250131,145000
250201,145000
250202,145000
250203,145000
250204,145000
250205,145000
250206,145000
250207,145000
250208,145000
250209,145000
250210,145000
250211,145000
250212,145000
250213,145000
250214,145000
250215,145000
250216,145000
250217,145000
250218,145000
250219,145000
250220,145000
250221,145000
250222,145000
250223,145000
250224,145000
250225,145000
250226,145000
250227,145000
250228,145000
250301,145000
250302,145000
250303,145000
250304,145000
250305,145000
250306,145000
250307,145000
250308,145000
250309,145000
250310,145000
250311,145000
250312,145000
250313,145000
250314,145000
250315,145000
250316,145000
250317,145000
250318,145000
250319,145000
250320,145000
250321,145000
250322,145000
250323,145000
250324,145000
250325,145000
250326,145000
250327,145000
250328,145000
250329,145000
250330,145000
250331,145000
250401,145000
250402,145000
250403,145000
250404,145000
250405,145000
250406,145000
250407,145000
250408,145000
250409,145000
250410,145000
250411,145000
250412,145000
250413,145000
250414,145000
250415,145000
250416,145000
250417,145000
250418,145000
250419,145000
250420,145000
250421,145000
250422,145000
250423,145000
250424,145000
250425,145000
250426,145000
250427,145000
250428,145000
250429,145000
250430,145000
250502,145000
250503,145000
250504,145000
250505,145000
250506,145000
250507,145000
250508,145000
250509,145000
250510,145000
250511,145000
250512,145000
250513,145000
250514,145000
250515,145000
250516,145000
250517,145000
250518,145000
250519,145000
250520,145000
250521,146000
250522,146000
250523,146000
250524,146000
250525,146000
250602,146000
250603,146000
250605,146000
250606,146000
250607,146000
250610,146000
250611,146000
250612,146000
250613,146000
250614,146000
250615,146000
250616,146000
250617,146000
250618,146000
250619,146000
250620,146000
250621,146000
250622,146000
250623,146000
250624,146000
250627,146000
250628,146000
250629,146000
250630,146000
250701,146000
250702,146000
250703,146000
250704,146000
250705,146000
250706,146000
250707,146000
250708,146000
250709,146000
250720,146000
250721,146000
250722,146000
250723,146000
250724,146000
250725,146000
250726,146000
250727,146000
250728,146000
250729,146000
250730,146000
250731,146000
250801,146000
250802,146000
250803,146000
250804,146000
250805,146000
250806,146000
250807,146000
250808,146000
250809,146000
250810,146000
250811,146000
250812,146000
250813,146000
250814,146000
250815,146000
250816,146000
250817,146000
250818,146000
250819,146000
250820,146000
250821,146000
250822,146000
250823,146000
250824,146000
250825,146000
250826,146000
250827,146000
250828,146000
250829,146000
250830,146000
250831,146000
250901,146000
250902,146000
250903,146000
250904,146000
250905,146000
250906,146000
250907,146000
250908,146000
250909,146000
250910,146000
250911,146000
250912,146000
250913,146000
250914,146000
250915,146000
250916,146000
250917,146000
250918,146000
250919,146000
250920,146000
250921,146000
250922,146000
250923,146000
250924,146000
250925,146000
250926,146000
250927,146000
250928,146000
250929,146000
250930,146000
251001,146000
251004,146000
251005,146000
251006,146000
251007,146000
251008,146000
251009,146000
251010,147000
251011,147000
251013,146000
251014,146000
251015,146000
251016,146000
251017,146000
251018,146000
251019,146000
251020,146000
251021,146000
251022,146000
251023,146000
251024,146000
251025,146000
251026,146000
251027,147000
251028,147000
251029,147000
251030,147000
251031,147000
251101,147000
251102,147000
251103,147000
251104,147000
251105,147000
251106,147000
251107,147000
251108,147000
251109,147000
251110,147000
251111,147000
251112,147000
251113,147000
251114,147000
251115,147000
251116,147000
251117,147000
251118,147000
251119,147000
251120,147000
251121,147000
251122,147000
251123,147000
251124,147000
251125,147000
251126,147000
251127,147000
251128,147000
251129,147000
251130,147000
251201,147000
251202,147000
251203,147000
251204,147000
251205,147000
251206,147000
251207,147000
251208,147000
251209,147000
251210,147000
251211,147000
251212,147000
251213,147000
251214,147000
251217,147000
251218,147000
251219,147000
251220,147000
251221,147000
251222,147000
251223,147000
251224,147000
251225,147000
251226,147000
251227,147000
251228,147000
251229,147000
251230,147000
251231,147000
260101,147000
260104,147000
260105,147000
260106,147000
260107,147000
260108,147000
260109,147000
260110,147000
260111,147000
260112,147000
260113,147000
260114,147000
260115,147000
260116,148000
260117,148000
260118,148000
260119,148000
260120,148000
260121,147000
260124,147000
260125,148000
260126,148000
260127,148000
260128,148000
260129,148000
260130,148000
260131,148000
260201,148000
260204,148000
260205,148000
260206,148000
260207,148000
260208,148000
260209,148000
260210,148000
260211,148000
260212,148000
260213,148000
260214,148000
260215,148000
260216,148000
260217,148000
260218,148000
260219,148000
260220,148000
260221,148000
260222,148000
260223,148000
260224,148000
260225,148000
260226,148000
260227,148000
260228,148000
260301,148000
260302,148000
260303,148000
260304,148000
260305,148000
260306,148000
260307,148000
260308,148000
260309,148000
260310,148000
260311,148000
260312,148000
260313,147000
260316,148000
260317,148000
260318,148000
260319,147000
260320,147000
260321,147000
260322,147000
260323,147000
260324,147000
260325,147000
260328,147000
260329,147000
260330,147000
260331,147000
260401,147000
260402,147000
260403,147000
260404,147000
260405,147000
260406,147000
260407,147000
260408,147000
260409,147000
260410,147000
260411,147000
260412,147000
260413,147000
260414,147000
260415,147000
260416,147000
260417,147000
260418,147000
260419,147000
260420,147000
260421,147000
260422,147000
260423,147000
260424,147000
260425,147000
260426,147000
260427,147000
260428,147000
260429,147000
260430,147000
260501,147000
260502,147000
260503,147000
260504,147000
260505,147000
260506,147000
260507,147000
260508,147000
260511,147000
260512,147000
260515,147000
260516,147000
260517,147000
260518,148000
260519,148000
260520,148000
260521,148000
260522,148000
260523,148000
260524,148000
260525,148000
260526,148000
260527,148000
260528,148000
260531,148000
260601,148000
260602,148000
260603,148000
260604,148000
260605,148000
260606,148000
260607,148000
260608,148000
260609,148000
260610,148000
260611,148000
260612,148000
260613,148000
260614,148000
260615,148000
260616,148000
260617,148000
260618,148000
260619,148000
260620,148000
260621,148000
260622,148000
260623,148000
260624,148000
260625,148000
260626,148000
260627,148000
260628,148000
260629,148000
260630,148000
260701,148000
260702,148000
260703,148000
260704,148000
260705,148000
260706,148000
260707,148000
260708,148000
260709,148000
260710,148000
260711,148000
260712,148000
260713,148000
260714,148000
260715,148000
260716,148000
260717,148000
260718,148000
260719,148000
260720,148000
260721,148000
260722,148000
260723,148000
260724,148000
260725,148000
260726,148000
260727,148000
260728,148000
260729,148000
260730,148000
260731,148000
260801,148000
260802,148000
260803,148000
260804,148000
260805,148000
260806,148000
260807,148000
260808,148000
260809,148000
260810,148000
260811,148000
260812,148000
260813,148000
260814,148000
260815,148000
260816,148000
260817,148000
260818,148000
260819,148000
260820,148000
260821,148000
260822,148000
260823,148000
260824,148000
260825,148000
260826,148000
260827,148000
260828,148000
260829,148000
260830,148000
260831,148000
260901,148000
260902,148000
260903,148000
260904,148000
260905,148000
260906,148000
260907,148000
260908,148000
260909,148000
260910,148000
260911,148000
260912,148000
260913,148000
260914,148000
260915,148000
260916,148000
260917,148000
260918,148000
260919,148000
260920,148000
260921,148000
260922,148000
260923,148000
260924,148000
260925,148000
260926,148000
260927,148000
260928,148000
