190611,98918
190612,99038
190614,99295
190616,99651
190619,100456
190620,100660
190625,102008
190701,103815
190703,104700
190706,105422
190708,106052
190716,107553
190729,110452
190730,110644
190801,111159
190802,111410
190803,111524
190804,111702
190809,112822
190811,113258
190816,115361
190818,115868
190819,116348
190820,117328
190821,117717
190822,118301
190823,118697
190824,118943
190825,119181
190826,119431
190827,119693
190828,119862
190829,120014
190830,120562
190831,120973
190901,121255
190902,121607
190903,121766
190904,122062
190905,122377
190906,122586
190907,123777
190908,124005
190909,124294
190910,124507
190911,124750
190912,124910
190914,125188
190915,125347
190916,125524
190918,126185
190919,126000
190920,126000
190921,127000
190922,127000
190923,127000
190924,128000
190926,128000
190927,128000
190929,129000
190930,129000
191001,129000
191002,129000
191003,130000
191017,132000
191018,132000
191020,133000
191029,138000
191030,138000
191101,139000
191109,141000
191111,142000
191117,143000
191118,143000
191119,143000
191122,144000
191124,144000
191125,145000
191126,145000
191127,145000
191130,146000
191202,148000
191204,149000
191211,150000
191216,152000
191222,154000
191228,159000
191230,159000
191231,160000
200101,161000
200111,164000
200113,165000
200125,168000
200127,169000
200131,170000
200201,170000
200205,171000
200206,171000
200224,178000
200228,179000
200307,183000
200311,184000
200312,184000
200316,186000
200322,188000
200323,188000
200327,189000
200328,189000
200330,190000
200401,190000
200406,194000
200408,195000
200410,196000
200412,196000
200413,198000
200417,200000
200418,201000
200420,201000
200423,202000
200428,204000
200429,205000
200501,206000
200507,210000
200511,211000
200518,214000
200526,216000
200601,217000
200611,221000
200622,224000
200629,226000
200701,227000
200707,228000
200725,231000
200727,231000
200801,232000
200803,232000
200805,233000
200809,235000
200810,235000
200811,235000
200815,238000
200816,238000
200817,239000
200829,247000
200901,249000
200906,251000
200920,259000
200921,260000
200928,263000
201001,266000
201007,270000
201008,270000
201010,272000
201011,272000
201014,273000
201015,274000
210101,310000
210102,311000
210103,311000
210104,312000
210105,312000
210107,313000
210110,316000
210111,317000
210112,318000
210114,318000
210118,320000
210122,321000
210123,321000
210125,322000
210127,322000
210128,323000
210129,323000
210201,324000
210203,325000
210204,326000
210205,328000
210207,329000
210208,330000
210214,334000
210221,337000
210222,337000
210228,341000
210301,342000
210304,344000
210308,346000
210311,347000
210312,348000
210315,348000
210322,351000
210329,352000
210331,353000
210401,353000
210405,355000
210408,355000
210409,355000
210420,357000
210501,359000
210510,361000
210531,362000
210605,363000
210607,364000
210621,367000
210701,369000
210704,370000
210705,370000
210709,371000
210710,371000
210711,371000
210712,371000
210713,372000
210714,372000
210717,373000
210720,375000
210721,376000
210723,377000
210724,378000
210726,381000
210731,382000
210801,383000
210802,384000
210803,384000
210804,385000
210805,386000
210806,386000
210807,387000
210808,387000
210809,388000
210812,388000
210816,390000
210817,390000
210819,390000
210822,391000
210823,391000
210828,392000
210830,393000
210831,393000
210901,393000
210906,395000
210913,396000
210923,406000
210927,411000
211007,417000
211008,417000
211009,417000
211011,418000
211014,418000
211025,420000
211105,421000
211108,422000
211120,423000
211201,424000
211204,425000
211206,425000
211211,425000
211213,425000
211220,426000
220101,428000
220201,431000
220301,435000
220329,440000
220401,440000
220404,441000
220412,441000
220418,441000
220419,441000
220422,441000
220501,442000
220515,443000
220518,443000
220528,443000
220529,443000
220530,443000
220531,443000
220601,443000
220603,444000
220604,444000
220605,445000
220606,445000
220608,445000
220612,446000
220616,446000
220621,446000
220625,446000
220627,446000
220701,446000
220704,447000
220706,447000
220711,447000
220719,450000
220728,451000
220814,452000
220826,452000
220901,454000
220916,455000
220926,456000
221001,456000
221024,458000
221030,458000
221101,457000
221107,457000
221114,457000
221201,458000
221212,458000
221213,458000
221221,458000
221226,459000
230101,460000
230109,460000
230111,460000
230116,460000
230120,460000
230121,460000
230124,460000
230130,460000
230201,460000
230213,461000
230301,460000
230318,461000
230321,460000
230322,460000
230327,460000
230401,460000
230403,460000
230411,461000
230417,461000
230424,460000
230501,460000
230512,461000
230515,461000
230522,461000
230601,461000
230605,461000
230613,461000
230629,461000
230701,461000
230703,461000
230710,462000
230714,461000
230724,461000
230731,461000
230801,461000
230828,462000
230901,462000
231001,465000
231101,465000
231113,466000
231120,466000
231201,466000
240101,467000
240528,476000
240529,476000
240530,476000
240531,476000
240601,476000
240602,476000
240603,476000
240604,476000
240605,476000
240606,476000
240607,476000
240608,476000
240609,476000
240610,476000
240611,476000
240612,476000
240613,476000
240614,476000
240615,476000
240616,476000
240617,476000
240618,476000
240619,476000
240620,476000
240621,477000
240622,477000
240623,477000
240624,477000
240625,476000
240626,476000
240627,476000
240628,476000
240629,476000
240630,476000
240701,476000
240702,477000
240703,477000
240704,477000
240705,477000
240706,477000
240707,477000
240708,477000
240709,477000
240710,477000
240711,477000
240712,477000
240713,477000
240714,477000
240715,477000
240716,477000
240717,477000
240718,477000
240719,477000
240720,477000
240721,477000
240722,477000
240723,477000
240724,477000
240725,477000
240726,477000
240727,477000
240728,477000
240729,477000
240730,477000
240731,477000
240801,477000
240802,477000
240803,477000
240804,477000
240805,477000
240806,477000
240807,477000
240808,477000
240809,477000
240810,477000
240811,477000
240812,477000
240813,477000
240814,477000
240815,477000
240816,477000
240817,477000
240818,477000
240819,477000
240820,477000
240821,477000
240822,477000
240823,477000
240824,477000
240825,477000
240826,477000
240827,478000
240828,478000
240829,478000
240830,478000
240831,478000
240901,478000
240902,478000
240903,478000
240904,478000
240905,478000
240906,478000
240907,478000
240908,479000
240909,479000
240910,479000
240911,479000
240912,479000
240913,479000
240914,479000
240915,479000
240916,479000
240917,479000
240918,479000
240919,479000
240920,479000
240921,479000
240922,479000
240923,479000
240924,479000
240925,479000
240926,479000
240927,479000
240928,479000
240929,479000
240930,479000
241001,479000
241002,479000
241003,479000
241004,479000
241005,480000
241006,480000
241007,480000
241008,480000
241009,480000
241010,480000
241011,480000
241012,480000
241013,480000
241014,480000
241015,480000
241016,480000
241017,480000
241018,480000
241019,480000
241020,480000
241021,480000
241022,480000
241023,480000
241024,480000
241025,481000
241026,481000
241027,481000
241028,481000
241029,481000
241030,481000
241031,481000
241101,481000
241102,481000
241103,481000
241104,481000
241105,481000
241106,481000
241107,481000
241108,481000
241109,481000
241110,481000
241111,481000
241112,481000
241113,481000
241114,481000
241115,481000
241116,481000
241117,481000
241118,481000
241119,481000
241120,481000
241121,481000
241122,482000
241123,482000
241124,482000
241125,482000
241126,482000
241127,482000
241128,482000
241129,482000
241130,483000
241201,483000
241202,483000
241203,484000
241204,484000
241205,484000
241206,485000
241207,485000
241208,485000
241209,485000
241210,485000
241211,485000
241212,486000
241213,486000
241214,487000
241215,487000
241216,488000
241217,488000
241218,488000
241219,488000
241220,489000
241221,490000
241222,490000
241223,490000
241224,491000
241225,491000
241226,492000
241227,492000
241228,492000
241229,492000
241230,493000
241231,493000
250101,493000
250102,493000
250103,493000
250104,493000
250105,493000
250106,493000
250107,493000
250108,494000
250109,495000
250110,495000
250111,496000
250112,496000
250113,496000
250114,498000
250115,500000
250116,500000
250117,501000
250118,501000
250119,501000
250120,501000
250121,501000
250122,501000
250123,501000
250124,501000
250125,502000
250126,502000
250127,502000
250128,502000
250129,502000
250130,502000
250131,502000
250201,503000
250202,503000
250203,503000
250204,503000
250205,503000
250206,503000
250207,503000
250208,503000
250209,503000
250210,503000
250211,503000
250212,504000
250213,504000
250214,504000
250215,504000
250216,504000
250217,505000
250218,505000
250219,505000
250220,505000
250221,505000
250222,505000
250223,505000
250224,505000
250225,505000
250226,505000
250227,505000
250228,505000
250301,505000
250302,505000
250303,505000
250304,505000
250305,505000
250306,505000
250307,505000
250308,505000
250309,506000
250310,506000
250311,506000
250312,506000
250313,506000
250314,506000
250315,506000
250316,506000
250317,506000
250318,506000
250319,507000
250320,507000
250321,507000
250322,507000
250323,507000
250324,507000
250325,507000
250326,507000
250327,507000
250328,507000
250329,508000
250330,508000
250331,508000
250401,508000
250402,509000
250403,509000
250404,509000
250405,509000
250406,509000
250407,509000
250408,509000
250409,509000
250410,509000
250411,509000
250412,509000
250413,509000
250414,509000
250415,509000
250416,509000
250417,509000
250418,509000
250419,509000
250420,510000
250421,510000
250422,510000
250423,510000
250424,510000
250425,510000
250426,510000
250427,510000
250428,510000
250429,510000
250430,510000
250502,510000
250503,510000
250504,510000
250505,510000
250506,510000
250507,510000
250508,510000
250509,510000
250510,510000
250511,510000
250512,510000
250513,510000
250514,510000
250515,510000
250516,510000
250517,510000
250518,510000
250519,510000
250520,511000
250521,511000
250522,511000
250523,511000
250524,511000
250525,511000
250602,512000
250603,512000
250605,512000
250606,512000
250607,512000
250610,512000
250611,513000
250612,513000
250613,513000
250614,513000
250615,514000
250616,514000
250617,514000
250618,514000
250619,514000
250620,515000
250621,515000
250622,515000
250623,516000
250624,516000
250627,517000
250628,517000
250629,518000
250630,518000
250701,519000
250702,519000
250703,519000
250704,519000
250705,519000
250706,520000
250707,520000
250708,520000
250709,520000
250720,523000
250721,523000
250722,523000
250723,523000
250724,523000
250725,523000
250726,523000
250727,523000
250728,524000
250729,524000
250730,524000
250731,524000
250801,525000
250802,525000
250803,525000
250804,525000
250805,525000
250806,526000
250807,526000
250808,526000
250809,526000
250810,526000
250811,526000
250812,526000
250813,526000
250814,527000
250815,527000
250816,527000
250817,528000
250818,528000
250819,528000
250820,528000
250821,528000
250822,528000
250823,528000
250824,529000
250825,529000
250826,529000
250827,529000
250828,529000
250829,529000
250830,529000
250831,529000
250901,529000
250902,529000
250903,529000
250904,530000
250905,530000
250906,530000
250907,530000
250908,530000
250909,530000
250910,530000
250911,530000
250912,530000
250913,530000
250914,531000
250915,531000
250916,531000
250917,531000
250918,531000
250919,531000
250920,531000
250921,531000
250922,531000
250923,531000
250924,531000
250925,531000
250926,531000
250927,531000
250928,531000
250929,531000
250930,531000
251001,531000
251004,532000
251005,532000
251006,533000
251007,533000
251008,533000
251009,533000
251010,533000
251011,533000
251013,534000
251014,534000
251015,534000
251016,534000
251017,534000
251018,534000
251019,534000
251020,535000
251021,535000
251022,535000
251023,535000
251024,535000
251025,535000
251026,535000
251027,535000
251028,535000
251029,535000
251030,535000
251031,535000
251101,535000
251102,535000
251103,535000
251104,535000
251105,535000
251106,535000
251107,535000
251108,535000
251109,535000
251110,535000
251111,535000
251112,535000
251113,535000
251114,535000
251115,535000
251116,535000
251117,535000
251118,535000
251119,535000
251120,535000
251121,535000
251122,535000
251123,535000
251124,536000
251125,536000
251126,536000
251127,536000
251128,536000
251129,536000
251130,536000
251201,536000
251202,536000
251203,536000
251204,536000
251205,536000
251206,536000
251207,536000
251208,536000
251209,536000
251210,536000
251211,536000
251212,536000
251213,536000
251214,536000
251217,536000
251218,536000
251219,536000
251220,536000
251221,536000
251222,536000
251223,536000
251224,536000
251225,537000
251226,537000
251227,537000
251228,537000
251229,537000
251230,537000
251231,537000
260101,537000
260104,537000
260105,537000
260106,537000
260107,538000
260108,538000
260109,538000
260110,538000
260111,538000
260112,538000
260113,538000
260114,538000
260115,538000
260116,538000
260117,538000
260118,538000
260119,538000
260120,538000
260121,538000
260124,538000
260125,538000
260126,538000
260127,538000
260128,538000
260129,538000
260130,538000
260131,538000
260201,538000
260204,539000
260205,539000
260206,539000
260207,539000
260208,539000
260209,539000
260210,539000
260211,539000
260212,539000
260213,539000
260214,540000
260215,541000
260216,541000
260217,542000
260218,542000
260219,542000
260220,543000
260221,543000
260222,543000
260223,543000
260224,543000
260225,543000
260226,543000
260227,543000
260228,543000
260301,543000
260302,543000
260303,543000
260304,543000
260305,543000
260306,544000
260307,544000
260308,544000
260309,544000
260310,544000
260311,544000
260312,544000
260313,544000
260316,544000
260317,544000
260318,544000
260319,544000
260320,544000
260321,544000
260322,544000
260323,544000
260324,544000
260325,544000
260328,544000
260329,544000
260330,544000
260331,544000
260401,545000
260402,545000
260403,545000
260404,545000
260405,545000
260406,545000
260407,545000
260408,545000
260409,545000
260410,545000
260411,545000
260412,545000
260413,546000
260414,546000
260415,546000
260416,546000
260417,546000
260418,547000
260419,547000
260420,547000
260421,547000
260422,548000
260423,548000
260424,548000
260425,548000
260426,549000
260427,549000
260428,549000
260429,550000
260430,550000
260501,551000
260502,551000
260503,551000
260504,551000
260505,552000
260506,552000
260507,552000
260508,552000
260511,553000
260512,553000
260515,554000
260516,554000
260517,554000
260518,554000
260519,554000
260520,554000
260521,554000
260522,554000
260523,554000
260524,554000
260525,554000
260526,555000
260527,555000
260528,555000
260531,555000
260601,555000
260602,555000
260603,555000
260604,555000
260605,555000
260606,555000
260607,555000
260608,555000
260609,555000
260610,555000
260611,555000
260612,555000
260613,555000
260614,555000
260615,555000
260616,555000
260617,555000
260618,555000
260619,555000
260620,555000
260621,555000
260622,555000
260623,555000
260624,555000
260625,555000
260626,555000
260627,555000
260628,555000
260629,555000
260630,555000
260701,555000
260702,555000
260703,555000
260704,555000
260705,555000
260706,555000
260707,555000
260708,555000
260709,555000
260710,555000
260711,555000
260712,555000
260713,555000
260714,555000
260715,555000
260716,555000
260717,555000
260718,555000
260719,555000
260720,556000
260721,556000
260722,556000
260723,556000
260724,556000
260725,556000
260726,556000
260727,556000
260728,556000
260729,556000
260730,556000
260731,556000
260801,556000
260802,557000
260803,557000
260804,557000
260805,557000
260806,557000
260807,557000
260808,557000
260809,557000
260810,557000
260811,557000
260812,557000
260813,557000
260814,557000
260815,557000
260816,557000
260817,557000
260818,557000
260819,557000
260820,558000
260821,558000
260822,558000
260823,558000
260824,558000
260825,558000
260826,558000
260827,558000
260828,558000
260829,558000
260830,558000
260831,558000
260901,558000
260902,558000
260903,558000
260904,558000
260905,558000
260906,558000
260907,558000
260908,558000
260909,558000
260910,558000
260911,559000
260912,559000
260913,559000
260914,559000
260915,559000
260916,559000
260917,559000
260918,559000
260919,559000
260920,559000
260921,559000
260922,559000
260923,559000
260924,560000
260925,560000
260926,560000
260927,560000
260928,560000
260929,560000
260930,560000
